{"stats":{"minecraft:used":{"minecraft:acacia_boat":1,"minecraft:wooden_axe":75,"minecraft:melon_slice":26,"minecraft:stone_pickaxe":31,"minecraft:stone_axe":13,"minecraft:crafting_table":4},"minecraft:broken":{"minecraft:wooden_axe":1},"minecraft:custom":{"minecraft:time_since_rest":29937,"minecraft:sprint_one_cm":92393,"minecraft:damage_taken":550,"minecraft:walk_one_cm":50613,"minecraft:mob_kills":5,"minecraft:drop":3,"minecraft:damage_dealt":519,"minecraft:swim_one_cm":3449,"minecraft:interact_with_crafting_table":5,"minecraft:fly_one_cm":302521,"minecraft:crouch_one_cm":644,"minecraft:play_time":38664,"minecraft:sneak_time":485,"tombstone:undead_killed":1,"minecraft:deaths":1,"minecraft:walk_under_water_one_cm":2250,"minecraft:boat_one_cm":108530,"minecraft:jump":768,"minecraft:leave_game":3,"minecraft:time_since_death":30861,"minecraft:walk_on_water_one_cm":9794,"minecraft:total_world_time":38664,"minecraft:climb_one_cm":1757,"minecraft:fall_one_cm":34799},"minecraft:killed_by":{"minecraft:drowned":1},"minecraft:dropped":{"minecraft:wheat_seeds":2,"minecraft:rotten_flesh":1},"minecraft:picked_up":{"minecraft:cocoa_beans":3,"minecraft:stick":1,"minecraft:crafting_table":3,"minecraft:acacia_log":16,"minecraft:birch_planks":3,"minecraft:jungle_planks":2,"minecraft:sand":1,"minecraft:acacia_boat":1,"minecraft:string":2,"minecraft:dirt":9,"minecraft:rotten_flesh":1,"minecraft:wheat_seeds":5,"minecraft:oak_sapling":1,"minecraft:melon_slice":148,"minecraft:sugar_cane":49,"minecraft:mutton":5,"minecraft:oak_planks":4,"minecraft:coal":24,"minecraft:white_wool":4,"minecraft:cobblestone":10},"minecraft:mined":{"minecraft:birch_planks":3,"minecraft:acacia_leaves":2,"minecraft:spruce_planks":1,"minecraft:crafting_table":2,"minecraft:grass":20,"minecraft:acacia_log":16,"minecraft:coal_ore":24,"minecraft:melon":28,"minecraft:jungle_planks":2,"minecraft:cocoa":1,"minecraft:oak_stairs":2,"minecraft:sand":1,"minecraft:tall_grass":3,"minecraft:stone":7,"minecraft:sugar_cane":22,"minecraft:oak_planks":6,"minecraft:fern":7},"minecraft:killed":{"minecraft:sheep":4,"minecraft:zombie":1}},"DataVersion":3120}