{"stats":{"minecraft:used":{"minecraft:wooden_axe":31,"minecraft:crafting_table":1},"minecraft:custom":{"minecraft:time_since_rest":4823,"minecraft:crouch_one_cm":51,"minecraft:walk_one_cm":21287,"minecraft:play_time":13550,"minecraft:sprint_one_cm":32172,"minecraft:damage_taken":400,"tombstone:undead_killed":1,"minecraft:deaths":1,"minecraft:sneak_time":16,"minecraft:walk_under_water_one_cm":62,"minecraft:mob_kills":1,"minecraft:drop":3,"minecraft:jump":146,"minecraft:damage_dealt":199,"minecraft:walk_on_water_one_cm":1754,"minecraft:time_since_death":5747,"minecraft:climb_one_cm":148,"minecraft:total_world_time":13550,"minecraft:interact_with_crafting_table":2,"minecraft:fall_one_cm":4908,"minecraft:fly_one_cm":66826},"minecraft:killed_by":{"minecraft:drowned":1},"minecraft:dropped":{"minecraft:rotten_flesh":1,"minecraft:wheat_seeds":2},"minecraft:picked_up":{"minecraft:cocoa_beans":3,"minecraft:crafting_table":1,"minecraft:rotten_flesh":1,"minecraft:acacia_log":8,"minecraft:wheat_seeds":5,"minecraft:sand":1,"minecraft:melon_slice":66,"minecraft:dirt":9,"minecraft:string":2,"minecraft:cobblestone":3},"minecraft:mined":{"minecraft:grass":17,"minecraft:acacia_log":8,"minecraft:melon":12,"minecraft:cocoa":1,"minecraft:sand":1,"minecraft:tall_grass":3,"minecraft:fern":2},"minecraft:killed":{"minecraft:zombie":1}},"DataVersion":3120}