{"stats":{"minecraft:used":{"minecraft:acacia_boat":1,"minecraft:wooden_axe":72,"minecraft:melon_slice":13,"minecraft:stone_pickaxe":31,"minecraft:crafting_table":3},"minecraft:custom":{"minecraft:time_since_rest":16823,"minecraft:sprint_one_cm":51821,"minecraft:damage_taken":400,"minecraft:walk_one_cm":39476,"minecraft:mob_kills":5,"minecraft:drop":3,"minecraft:damage_dealt":519,"minecraft:swim_one_cm":2733,"minecraft:interact_with_crafting_table":4,"minecraft:fly_one_cm":141219,"minecraft:crouch_one_cm":324,"minecraft:play_time":25550,"tombstone:undead_killed":1,"minecraft:deaths":1,"minecraft:sneak_time":190,"minecraft:walk_under_water_one_cm":1402,"minecraft:boat_one_cm":58050,"minecraft:jump":315,"minecraft:time_since_death":17747,"minecraft:walk_on_water_one_cm":4073,"minecraft:total_world_time":25550,"minecraft:climb_one_cm":520,"minecraft:fall_one_cm":11817},"minecraft:killed_by":{"minecraft:drowned":1},"minecraft:dropped":{"minecraft:wheat_seeds":2,"minecraft:rotten_flesh":1},"minecraft:picked_up":{"minecraft:cocoa_beans":3,"minecraft:crafting_table":3,"minecraft:acacia_log":16,"minecraft:sand":1,"minecraft:string":2,"minecraft:dirt":9,"minecraft:rotten_flesh":1,"minecraft:wheat_seeds":5,"minecraft:melon_slice":134,"minecraft:sugar_cane":3,"minecraft:mutton":5,"minecraft:coal":24,"minecraft:white_wool":4,"minecraft:cobblestone":10},"minecraft:mined":{"minecraft:acacia_leaves":2,"minecraft:crafting_table":2,"minecraft:grass":20,"minecraft:acacia_log":16,"minecraft:coal_ore":24,"minecraft:melon":25,"minecraft:cocoa":1,"minecraft:sand":1,"minecraft:tall_grass":3,"minecraft:stone":7,"minecraft:sugar_cane":1,"minecraft:fern":7},"minecraft:killed":{"minecraft:sheep":4,"minecraft:zombie":1}},"DataVersion":3120}