{"stats":{"minecraft:used":{"minecraft:acacia_boat":2,"minecraft:water_bucket":9,"minecraft:iron_shovel":502,"minecraft:birch_planks":5,"minecraft:stone_pickaxe":124,"minecraft:chest":2,"minecraft:sandstone":14,"minecraft:dirt":562,"minecraft:sand":2,"minecraft:crafting_table":6,"minecraft:white_bed":2,"minecraft:acacia_sapling":1,"tombstone:tablet_of_home":2,"minecraft:wooden_axe":75,"minecraft:bread":23,"minecraft:melon_slice":42,"minecraft:iron_axe":85,"minecraft:map":3,"minecraft:jungle_log":9,"minecraft:fishing_rod":2,"minecraft:stone_axe":75,"minecraft:grindstone":1,"minecraft:bucket":9,"tombstone:gift":2,"minecraft:acacia_planks":92},"minecraft:crafted":{"minecraft:emerald":3,"minecraft:bread":64,"minecraft:iron_axe":1,"minecraft:sandstone":14,"minecraft:acacia_planks":120,"minecraft:wheat":279},"minecraft:picked_up":{"minecraft:fishing_rod":1,"minecraft:cocoa_beans":3,"minecraft:crafting_table":4,"minecraft:jungle_log":30,"minecraft:cut_sandstone":4,"minecraft:birch_planks":5,"minecraft:acacia_boat":2,"minecraft:dirt":562,"minecraft:string":5,"minecraft:acacia_planks":10,"minecraft:wheat_seeds":20,"minecraft:gold_nugget":3,"minecraft:grindstone":2,"minecraft:iron_ingot":14,"minecraft:melon_slice":148,"minecraft:sugar_cane":49,"minecraft:acacia_sapling":4,"minecraft:oak_planks":4,"minecraft:egg":1,"minecraft:stick":2,"minecraft:raw_iron":1,"minecraft:sandstone":2,"minecraft:acacia_log":43,"minecraft:sand":83,"minecraft:jungle_planks":2,"minecraft:white_bed":1,"minecraft:spider_eye":1,"minecraft:rotten_flesh":4,"minecraft:tropical_fish":3,"minecraft:hay_block":31,"minecraft:oak_sapling":1,"minecraft:mutton":5,"minecraft:coal":92,"minecraft:white_wool":4,"minecraft:cobblestone":15},"minecraft:custom":{"minecraft:mob_kills":20,"minecraft:traded_with_villager":4,"minecraft:interact_with_crafting_table":18,"minecraft:leave_game":5,"minecraft:time_since_death":146895,"minecraft:sleep_in_bed":3,"minecraft:climb_one_cm":2026,"minecraft:time_since_rest":13732,"minecraft:sprint_one_cm":235009,"minecraft:damage_taken":1380,"minecraft:walk_one_cm":196580,"minecraft:drop":15,"minecraft:damage_dealt":4766,"minecraft:swim_one_cm":68435,"minecraft:talked_to_villager":15,"minecraft:fly_one_cm":1112797,"minecraft:open_chest":45,"minecraft:play_time":154698,"minecraft:crouch_one_cm":33545,"minecraft:sneak_time":8623,"tombstone:undead_killed":5,"minecraft:deaths":1,"minecraft:walk_under_water_one_cm":56756,"minecraft:boat_one_cm":157080,"minecraft:jump":3054,"minecraft:walk_on_water_one_cm":66222,"minecraft:total_world_time":154698,"minecraft:fall_one_cm":223630},"minecraft:broken":{"minecraft:iron_shovel":2,"minecraft:wooden_axe":1},"minecraft:killed":{"minecraft:husk":2,"minecraft:spider":2,"minecraft:iron_golem":3,"minecraft:frog":1,"minecraft:sheep":4,"minecraft:zombie":2,"minecraft:drowned":1,"minecraft:tropical_fish":3},"minecraft:dropped":{"minecraft:wheat_seeds":2,"minecraft:rotten_flesh":1,"minecraft:tropical_fish":3,"minecraft:stick":3,"minecraft:filled_map":3,"minecraft:gold_nugget":6,"minecraft:sandstone":1,"minecraft:fishing_rod":1,"minecraft:white_wool":1},"minecraft:mined":{"minecraft:cut_sandstone":8,"minecraft:acacia_leaves":6,"minecraft:spruce_planks":1,"minecraft:white_bed":1,"minecraft:jungle_leaves":5,"minecraft:crafting_table":3,"minecraft:acacia_log":44,"minecraft:grass_block":153,"minecraft:melon":28,"minecraft:jungle_planks":2,"minecraft:jungle_log":30,"minecraft:dead_bush":2,"minecraft:tall_grass":3,"minecraft:grindstone":2,"minecraft:sugar_cane":22,"minecraft:oak_planks":6,"minecraft:sandstone":1,"minecraft:seagrass":1,"minecraft:hay_block":31,"minecraft:birch_planks":5,"minecraft:iron_ore":1,"minecraft:wheat":2,"minecraft:grass":29,"minecraft:oak_log":1,"minecraft:coal_ore":92,"minecraft:cocoa":1,"minecraft:vine":9,"minecraft:oak_stairs":2,"minecraft:sand":78,"minecraft:dirt":405,"minecraft:acacia_planks":10,"minecraft:stone":12,"minecraft:oak_leaves":3,"minecraft:fern":7},"minecraft:killed_by":{"minecraft:drowned":1}},"DataVersion":3120}