{"stats":{"minecraft:used":{"minecraft:acacia_boat":2,"minecraft:water_bucket":9,"minecraft:acacia_log":1,"minecraft:iron_shovel":1004,"minecraft:birch_planks":5,"minecraft:stone_pickaxe":132,"minecraft:chest":2,"minecraft:sandstone":14,"minecraft:torch":16,"minecraft:dirt":1069,"minecraft:sand":2,"minecraft:crafting_table":6,"minecraft:jungle_planks":85,"minecraft:white_bed":2,"minecraft:acacia_sapling":1,"tombstone:tablet_of_home":2,"minecraft:wooden_axe":75,"minecraft:bread":32,"minecraft:melon_slice":42,"minecraft:iron_axe":194,"minecraft:map":3,"minecraft:jungle_log":9,"minecraft:fishing_rod":2,"minecraft:stone_axe":75,"minecraft:furnace":1,"minecraft:grindstone":1,"minecraft:bucket":9,"tombstone:gift":2,"minecraft:acacia_planks":129},"minecraft:crafted":{"minecraft:emerald":3,"minecraft:bread":64,"minecraft:jungle_planks":84,"minecraft:iron_axe":1,"minecraft:sandstone":14,"minecraft:acacia_planks":136,"minecraft:wheat":279},"minecraft:picked_up":{"minecraft:fishing_rod":1,"minecraft:coarse_dirt":1,"minecraft:cocoa_beans":3,"minecraft:lime_bed":6,"minecraft:crafting_table":4,"minecraft:leather":3,"minecraft:jungle_log":30,"minecraft:cut_sandstone":4,"minecraft:birch_planks":5,"minecraft:acacia_boat":2,"minecraft:dirt":1071,"minecraft:string":5,"minecraft:acacia_planks":11,"minecraft:wheat_seeds":27,"minecraft:gold_nugget":3,"minecraft:grindstone":2,"minecraft:iron_ingot":14,"minecraft:melon_slice":148,"minecraft:sugar_cane":49,"minecraft:acacia_sapling":12,"minecraft:oak_planks":4,"minecraft:egg":1,"minecraft:stick":3,"minecraft:raw_iron":4,"minecraft:sandstone":2,"minecraft:torch":1,"minecraft:green_bed":1,"minecraft:acacia_log":136,"minecraft:sand":117,"minecraft:jungle_planks":3,"minecraft:white_bed":1,"minecraft:spider_eye":1,"minecraft:rotten_flesh":4,"minecraft:tropical_fish":3,"minecraft:hay_block":31,"minecraft:oak_sapling":1,"minecraft:mutton":5,"minecraft:coal":92,"minecraft:white_wool":4,"minecraft:cobblestone":19},"minecraft:custom":{"minecraft:interact_with_furnace":5,"minecraft:mob_kills":20,"minecraft:traded_with_villager":4,"minecraft:interact_with_crafting_table":26,"minecraft:leave_game":5,"minecraft:time_since_death":206895,"minecraft:sleep_in_bed":8,"minecraft:climb_one_cm":3009,"minecraft:time_since_rest":18634,"minecraft:sprint_one_cm":408695,"minecraft:damage_taken":1584,"minecraft:walk_one_cm":287412,"minecraft:drop":18,"minecraft:damage_dealt":4766,"minecraft:swim_one_cm":72721,"minecraft:talked_to_villager":16,"minecraft:fly_one_cm":1513543,"minecraft:open_chest":66,"minecraft:play_time":214698,"minecraft:crouch_one_cm":72648,"minecraft:sneak_time":16193,"tombstone:undead_killed":5,"minecraft:deaths":1,"minecraft:walk_under_water_one_cm":67961,"minecraft:boat_one_cm":157080,"minecraft:jump":4078,"minecraft:walk_on_water_one_cm":71549,"minecraft:total_world_time":214698,"minecraft:fall_one_cm":344398},"minecraft:broken":{"minecraft:stone_pickaxe":1,"minecraft:iron_shovel":4,"minecraft:wooden_axe":1},"minecraft:killed":{"minecraft:husk":2,"minecraft:spider":2,"minecraft:iron_golem":3,"minecraft:frog":1,"minecraft:sheep":4,"minecraft:zombie":2,"minecraft:drowned":1,"minecraft:tropical_fish":3},"minecraft:dropped":{"minecraft:wheat_seeds":2,"minecraft:coarse_dirt":1,"minecraft:rotten_flesh":1,"minecraft:tropical_fish":3,"minecraft:stick":3,"minecraft:dirt":2,"minecraft:filled_map":3,"minecraft:gold_nugget":6,"minecraft:sandstone":1,"minecraft:fishing_rod":1,"minecraft:white_wool":1},"minecraft:mined":{"minecraft:cut_sandstone":8,"minecraft:acacia_leaves":18,"minecraft:spruce_planks":1,"minecraft:white_bed":1,"minecraft:jungle_leaves":5,"minecraft:crafting_table":3,"minecraft:acacia_log":137,"minecraft:grass_block":375,"minecraft:melon":28,"minecraft:jungle_planks":3,"minecraft:jungle_log":30,"minecraft:dead_bush":3,"minecraft:tall_grass":3,"minecraft:grindstone":2,"minecraft:sugar_cane":22,"minecraft:oak_planks":6,"minecraft:wall_torch":1,"minecraft:sandstone":1,"minecraft:seagrass":1,"minecraft:hay_block":31,"minecraft:birch_planks":5,"minecraft:lime_bed":6,"minecraft:coarse_dirt":1,"minecraft:iron_ore":5,"minecraft:wheat":2,"minecraft:grass":33,"minecraft:oak_log":1,"minecraft:coal_ore":92,"minecraft:cocoa":1,"minecraft:vine":9,"minecraft:oak_stairs":2,"minecraft:sand":114,"minecraft:dirt":696,"minecraft:acacia_planks":11,"minecraft:stone":16,"minecraft:green_bed":1,"minecraft:oak_leaves":3,"minecraft:fern":7},"minecraft:killed_by":{"minecraft:drowned":1}},"DataVersion":3120}