{"stats":{"minecraft:killed":{"minecraft:husk":16,"minecraft:pig":2,"minecraft:witch":1,"minecraft:spider":6,"minecraft:creeper":1,"minecraft:skeleton":9,"minecraft:pillager":2,"minecraft:zombie":3},"minecraft:broken":{"minecraft:stone_pickaxe":1,"minecraft:iron_shovel":6},"minecraft:custom":{"minecraft:interact_with_furnace":16,"minecraft:mob_kills":41,"tombstone:raider_killed":3,"minecraft:interact_with_crafting_table":25,"minecraft:open_barrel":7,"minecraft:leave_game":4,"minecraft:time_since_death":42234,"minecraft:sleep_in_bed":9,"minecraft:climb_one_cm":807,"minecraft:time_since_rest":305,"minecraft:sprint_one_cm":564657,"minecraft:damage_taken":4615,"minecraft:walk_one_cm":425150,"minecraft:damage_blocked_by_shield":160,"minecraft:drop":17,"minecraft:damage_dealt":8716,"minecraft:play_time":283529,"minecraft:crouch_one_cm":2195,"minecraft:swim_one_cm":174242,"minecraft:talked_to_villager":1,"minecraft:fly_one_cm":649861,"tombstone:undead_killed":28,"minecraft:open_chest":93,"minecraft:deaths":12,"minecraft:sneak_time":1044,"minecraft:walk_under_water_one_cm":30854,"minecraft:boat_one_cm":110219,"minecraft:jump":3021,"minecraft:walk_on_water_one_cm":55036,"minecraft:total_world_time":283529,"minecraft:fall_one_cm":69458},"minecraft:dropped":{"minecraft:bread":1,"minecraft:stone_axe":1,"minecraft:wheat_seeds":1,"minecraft:stone_sword":1,"minecraft:rotten_flesh":4,"minecraft:jungle_stairs":1,"minecraft:wooden_axe":2,"minecraft:wooden_sword":2,"minecraft:sandstone":9,"minecraft:sand":7,"minecraft:wooden_pickaxe":1,"minecraft:acacia_door":1,"minecraft:chiseled_sandstone":1},"minecraft:mined":{"minecraft:cut_sandstone":1,"minecraft:spruce_planks":3,"minecraft:smoker":1,"minecraft:smooth_sandstone":2,"minecraft:jungle_stairs":1,"minecraft:granite":1,"minecraft:acacia_log":18,"minecraft:jungle_planks":3,"minecraft:jungle_log":4,"minecraft:dead_bush":5,"minecraft:tall_grass":1,"minecraft:cobblestone":1,"minecraft:grindstone":1,"minecraft:cartography_table":1,"minecraft:sugar_cane":3,"minecraft:sandstone":225,"minecraft:mangrove_propagule":1,"minecraft:hay_block":17,"minecraft:cactus":3,"minecraft:lime_bed":1,"minecraft:furnace":2,"minecraft:chiseled_sandstone":1,"minecraft:iron_ore":21,"minecraft:spruce_log":1,"minecraft:grass":2,"minecraft:oak_log":17,"minecraft:coal_ore":36,"minecraft:vine":2,"minecraft:sand":1780,"minecraft:bamboo":1,"minecraft:stone":40},"minecraft:used":{"minecraft:stone_sword":72,"minecraft:iron_shovel":1705,"minecraft:stone_pickaxe":131,"minecraft:shield":4,"minecraft:wooden_pickaxe":11,"minecraft:chest":4,"minecraft:sandstone":216,"minecraft:iron_sword":67,"minecraft:torch":5,"minecraft:sand":852,"minecraft:lime_bed":1,"minecraft:crafting_table":3,"minecraft:crossbow":7,"minecraft:wooden_axe":14,"minecraft:acacia_door":2,"minecraft:iron_axe":1,"minecraft:bread":39,"minecraft:iron_pickaxe":190,"minecraft:wooden_sword":15,"minecraft:stone_axe":35,"minecraft:cobblestone":26,"minecraft:furnace":3,"minecraft:cooked_porkchop":3,"tombstone:gift":3,"minecraft:oak_boat":4},"minecraft:killed_by":{"minecraft:husk":2,"minecraft:skeleton":7,"minecraft:zombie":2,"minecraft:pillager":1},"minecraft:picked_up":{"minecraft:wooden_axe":1,"minecraft:lime_bed":1,"minecraft:jungle_log":4,"minecraft:cut_sandstone":1,"minecraft:smoker":1,"minecraft:oak_log":17,"minecraft:string":6,"minecraft:wooden_sword":1,"minecraft:smooth_sandstone":2,"minecraft:bone":4,"minecraft:bow":1,"minecraft:cartography_table":1,"minecraft:wheat_seeds":1,"minecraft:spruce_planks":3,"minecraft:grindstone":1,"minecraft:iron_ingot":2,"minecraft:oak_boat":4,"minecraft:bamboo":11,"minecraft:sugar_cane":9,"minecraft:furnace":2,"minecraft:stick":13,"minecraft:raw_iron":21,"minecraft:sandstone":232,"minecraft:torch":1,"minecraft:acacia_log":17,"minecraft:porkchop":3,"minecraft:sand":1884,"minecraft:jungle_planks":3,"tombstone:grave_dust":1,"minecraft:chiseled_sandstone":1,"minecraft:spruce_log":1,"minecraft:spider_eye":2,"minecraft:bundle":1,"minecraft:arrow":7,"minecraft:cactus":9,"minecraft:rotten_flesh":22,"minecraft:stone_axe":1,"minecraft:jungle_stairs":1,"minecraft:hay_block":17,"minecraft:granite":1,"minecraft:bread":1,"tombstone:magic_scroll":1,"minecraft:oak_sapling":1,"minecraft:mangrove_propagule":1,"minecraft:coal":36,"minecraft:cobblestone":43},"minecraft:crafted":{"minecraft:wooden_sword":1,"minecraft:oak_planks":68,"minecraft:cooked_porkchop":2,"minecraft:crafting_table":3,"minecraft:wooden_pickaxe":1,"minecraft:iron_sword":1,"minecraft:furnace":1,"minecraft:stone_axe":1,"minecraft:bread":67,"minecraft:air":0,"minecraft:oak_boat":1,"minecraft:iron_axe":1,"minecraft:stick":52,"minecraft:iron_ingot":21,"minecraft:iron_pickaxe":2,"minecraft:stone_pickaxe":1,"minecraft:wooden_axe":1,"minecraft:stone_sword":1,"minecraft:chest":4,"minecraft:iron_shovel":6,"minecraft:acacia_door":3,"minecraft:sandstone":16,"minecraft:acacia_planks":68,"minecraft:torch":84,"minecraft:wheat":153}},"DataVersion":3120}