{"stats":{"minecraft:killed":{"minecraft:witch":1,"minecraft:spider":9,"minecraft:skeleton":13,"minecraft:husk":16,"minecraft:pig":2,"minecraft:creeper":1,"minecraft:pillager":2,"minecraft:zombie":3},"minecraft:broken":{"minecraft:iron_shovel":6,"minecraft:stone_pickaxe":1,"minecraft:iron_pickaxe":1},"minecraft:custom":{"minecraft:mob_kills":48,"minecraft:interact_with_crafting_table":25,"minecraft:open_barrel":7,"minecraft:leave_game":4,"minecraft:time_since_death":66234,"minecraft:climb_one_cm":807,"minecraft:sprint_one_cm":660430,"minecraft:walk_one_cm":462315,"minecraft:damage_blocked_by_shield":930,"minecraft:drop":17,"minecraft:talked_to_villager":1,"minecraft:play_time":307529,"minecraft:deaths":12,"minecraft:sneak_time":1791,"minecraft:walk_under_water_one_cm":33096,"minecraft:boat_one_cm":110219,"minecraft:jump":3415,"minecraft:walk_on_water_one_cm":60170,"minecraft:total_world_time":307529,"minecraft:interact_with_furnace":16,"tombstone:raider_killed":3,"minecraft:sleep_in_bed":9,"minecraft:time_since_rest":24305,"minecraft:damage_taken":5325,"minecraft:damage_dealt":10006,"minecraft:swim_one_cm":190594,"minecraft:fly_one_cm":703549,"minecraft:open_chest":93,"minecraft:crouch_one_cm":4580,"tombstone:undead_killed":32,"minecraft:fall_one_cm":83575},"minecraft:dropped":{"minecraft:bread":1,"minecraft:wheat_seeds":1,"minecraft:wooden_axe":2,"minecraft:wooden_sword":2,"minecraft:sand":7,"minecraft:acacia_door":1,"minecraft:chiseled_sandstone":1,"minecraft:stone_axe":1,"minecraft:stone_sword":1,"minecraft:rotten_flesh":4,"minecraft:jungle_stairs":1,"minecraft:sandstone":9,"minecraft:wooden_pickaxe":1},"minecraft:mined":{"minecraft:spruce_planks":3,"minecraft:deepslate_diamond_ore":1,"minecraft:granite":1,"minecraft:acacia_log":18,"minecraft:jungle_planks":3,"minecraft:jungle_log":4,"minecraft:cartography_table":1,"minecraft:mangrove_propagule":1,"minecraft:sandstone":225,"minecraft:hay_block":17,"minecraft:furnace":2,"minecraft:iron_ore":31,"minecraft:chiseled_sandstone":1,"minecraft:deepslate_iron_ore":8,"minecraft:vine":2,"minecraft:bamboo":1,"minecraft:stone":47,"minecraft:deepslate_redstone_ore":5,"minecraft:cut_sandstone":1,"minecraft:smoker":1,"minecraft:smooth_sandstone":2,"minecraft:jungle_stairs":1,"minecraft:dead_bush":5,"minecraft:tall_grass":1,"minecraft:cobblestone":1,"minecraft:deepslate_gold_ore":8,"minecraft:grindstone":1,"minecraft:sugar_cane":3,"minecraft:diorite":3,"minecraft:lime_bed":1,"minecraft:cactus":3,"minecraft:spruce_log":1,"minecraft:grass":2,"minecraft:coal_ore":36,"minecraft:oak_log":17,"minecraft:sand":1780,"minecraft:deepslate":34},"minecraft:used":{"minecraft:stone_sword":72,"minecraft:iron_shovel":1705,"minecraft:chest":4,"minecraft:shield":18,"minecraft:iron_sword":89,"minecraft:torch":11,"minecraft:wooden_axe":14,"minecraft:iron_axe":1,"minecraft:furnace":3,"tombstone:gift":3,"minecraft:cobbled_deepslate":28,"minecraft:stone_pickaxe":131,"minecraft:wooden_pickaxe":11,"minecraft:sandstone":216,"minecraft:sand":852,"minecraft:crafting_table":3,"minecraft:lime_bed":1,"minecraft:crossbow":7,"minecraft:acacia_door":2,"minecraft:bread":56,"minecraft:iron_pickaxe":266,"minecraft:stone_axe":35,"minecraft:wooden_sword":15,"minecraft:cobblestone":32,"minecraft:cooked_porkchop":3,"minecraft:oak_boat":4},"minecraft:killed_by":{"minecraft:husk":2,"minecraft:pillager":1,"minecraft:skeleton":7,"minecraft:zombie":2},"minecraft:picked_up":{"minecraft:wooden_axe":1,"minecraft:string":6,"minecraft:wooden_sword":1,"minecraft:cartography_table":1,"minecraft:cobbled_deepslate":39,"minecraft:spruce_planks":3,"minecraft:oak_boat":4,"minecraft:sugar_cane":9,"minecraft:furnace":2,"minecraft:raw_iron":39,"minecraft:stick":13,"minecraft:sandstone":232,"minecraft:torch":1,"minecraft:acacia_log":17,"minecraft:porkchop":3,"tombstone:grave_dust":1,"minecraft:diorite":2,"minecraft:redstone":23,"minecraft:cactus":9,"minecraft:arrow":11,"minecraft:rotten_flesh":22,"minecraft:jungle_stairs":1,"minecraft:hay_block":17,"minecraft:cobblestone":49,"minecraft:lime_bed":1,"minecraft:jungle_log":4,"minecraft:cut_sandstone":1,"minecraft:smoker":1,"minecraft:oak_log":17,"minecraft:smooth_sandstone":2,"minecraft:bone":7,"minecraft:bow":2,"minecraft:wheat_seeds":1,"minecraft:raw_gold":8,"minecraft:iron_ingot":2,"minecraft:grindstone":1,"minecraft:bamboo":11,"minecraft:gravel":4,"minecraft:jungle_planks":3,"minecraft:sand":1884,"minecraft:spruce_log":1,"minecraft:chiseled_sandstone":1,"minecraft:spider_eye":2,"minecraft:bundle":1,"minecraft:diamond":1,"minecraft:stone_axe":1,"minecraft:granite":1,"minecraft:bread":1,"tombstone:magic_scroll":1,"minecraft:oak_sapling":1,"minecraft:coal":36,"minecraft:mangrove_propagule":1},"minecraft:crafted":{"minecraft:wooden_sword":1,"minecraft:oak_planks":68,"minecraft:furnace":1,"minecraft:iron_axe":1,"minecraft:stone_pickaxe":1,"minecraft:chest":4,"minecraft:wheat":153,"minecraft:cooked_porkchop":2,"minecraft:crafting_table":3,"minecraft:wooden_pickaxe":1,"minecraft:iron_sword":1,"minecraft:stone_axe":1,"minecraft:bread":67,"minecraft:air":0,"minecraft:oak_boat":1,"minecraft:stick":52,"minecraft:iron_ingot":21,"minecraft:iron_pickaxe":2,"minecraft:wooden_axe":1,"minecraft:acacia_door":3,"minecraft:stone_sword":1,"minecraft:iron_shovel":6,"minecraft:sandstone":16,"minecraft:acacia_planks":68,"minecraft:torch":84}},"DataVersion":3120}