{"stats":{"minecraft:dropped":{"minecraft:bread":1,"minecraft:stone_axe":1,"minecraft:wheat_seeds":1,"minecraft:stone_sword":1,"minecraft:rotten_flesh":4,"minecraft:jungle_stairs":1,"minecraft:wooden_axe":2,"minecraft:wooden_sword":2,"minecraft:sand":1,"minecraft:wooden_pickaxe":1,"minecraft:acacia_door":1},"minecraft:used":{"minecraft:stone_sword":72,"minecraft:iron_shovel":1705,"minecraft:stone_pickaxe":131,"minecraft:wooden_pickaxe":11,"minecraft:chest":4,"minecraft:sandstone":202,"minecraft:iron_sword":59,"minecraft:torch":5,"minecraft:sand":740,"minecraft:lime_bed":1,"minecraft:crafting_table":3,"minecraft:crossbow":7,"minecraft:wooden_axe":14,"minecraft:acacia_door":2,"minecraft:bread":33,"minecraft:iron_pickaxe":174,"minecraft:wooden_sword":15,"minecraft:stone_axe":35,"minecraft:cobblestone":26,"minecraft:furnace":3,"minecraft:cooked_porkchop":3,"tombstone:gift":3,"minecraft:oak_boat":4},"minecraft:custom":{"minecraft:interact_with_furnace":16,"minecraft:mob_kills":38,"tombstone:raider_killed":3,"minecraft:interact_with_crafting_table":20,"minecraft:leave_game":4,"minecraft:time_since_death":11467,"minecraft:sleep_in_bed":8,"minecraft:climb_one_cm":508,"minecraft:time_since_rest":41,"minecraft:sprint_one_cm":489686,"minecraft:damage_taken":4115,"minecraft:walk_one_cm":395477,"minecraft:drop":14,"minecraft:damage_dealt":8216,"minecraft:play_time":211911,"minecraft:swim_one_cm":174242,"minecraft:talked_to_villager":1,"minecraft:fly_one_cm":584192,"minecraft:crouch_one_cm":2192,"minecraft:open_chest":60,"tombstone:undead_killed":25,"minecraft:deaths":11,"minecraft:sneak_time":1041,"minecraft:walk_under_water_one_cm":30854,"minecraft:boat_one_cm":110219,"minecraft:jump":2751,"minecraft:walk_on_water_one_cm":54911,"minecraft:total_world_time":211911,"minecraft:fall_one_cm":61400},"minecraft:killed_by":{"minecraft:husk":2,"minecraft:skeleton":6,"minecraft:zombie":2,"minecraft:pillager":1},"minecraft:picked_up":{"minecraft:wooden_axe":1,"minecraft:lime_bed":1,"minecraft:jungle_log":4,"minecraft:oak_log":17,"minecraft:string":6,"minecraft:wooden_sword":1,"minecraft:smooth_sandstone":2,"minecraft:bone":1,"minecraft:bow":1,"minecraft:wheat_seeds":1,"minecraft:spruce_planks":3,"minecraft:iron_ingot":2,"minecraft:oak_boat":4,"minecraft:bamboo":11,"minecraft:sugar_cane":9,"minecraft:furnace":2,"minecraft:stick":13,"minecraft:raw_iron":21,"minecraft:sandstone":216,"minecraft:torch":1,"minecraft:acacia_log":17,"minecraft:porkchop":3,"minecraft:sand":1868,"minecraft:jungle_planks":3,"tombstone:grave_dust":1,"minecraft:spruce_log":1,"minecraft:spider_eye":2,"minecraft:bundle":1,"minecraft:arrow":3,"minecraft:cactus":9,"minecraft:rotten_flesh":21,"minecraft:stone_axe":1,"minecraft:jungle_stairs":1,"minecraft:granite":1,"minecraft:bread":1,"tombstone:magic_scroll":1,"minecraft:oak_sapling":1,"minecraft:mangrove_propagule":1,"minecraft:coal":36,"minecraft:cobblestone":43},"minecraft:killed":{"minecraft:husk":16,"minecraft:pig":2,"minecraft:witch":1,"minecraft:spider":6,"minecraft:creeper":1,"minecraft:skeleton":6,"minecraft:pillager":2,"minecraft:zombie":3},"minecraft:crafted":{"minecraft:wooden_sword":1,"minecraft:oak_planks":44,"minecraft:cooked_porkchop":2,"minecraft:crafting_table":3,"minecraft:wooden_pickaxe":1,"minecraft:iron_sword":1,"minecraft:furnace":1,"minecraft:stone_axe":1,"minecraft:bread":7,"minecraft:air":0,"minecraft:oak_boat":1,"minecraft:stick":20,"minecraft:acacia_door":3,"minecraft:iron_ingot":21,"minecraft:iron_pickaxe":1,"minecraft:stone_pickaxe":1,"minecraft:wooden_axe":1,"minecraft:stone_sword":1,"minecraft:chest":4,"minecraft:iron_shovel":6,"minecraft:sandstone":16,"minecraft:acacia_planks":68,"minecraft:torch":8},"minecraft:broken":{"minecraft:stone_pickaxe":1,"minecraft:iron_shovel":6},"minecraft:mined":{"minecraft:spruce_planks":3,"minecraft:smooth_sandstone":2,"minecraft:jungle_stairs":1,"minecraft:granite":1,"minecraft:acacia_log":18,"minecraft:jungle_planks":3,"minecraft:jungle_log":4,"minecraft:dead_bush":5,"minecraft:tall_grass":1,"minecraft:cobblestone":1,"minecraft:sugar_cane":3,"minecraft:sandstone":213,"minecraft:mangrove_propagule":1,"minecraft:cactus":3,"minecraft:lime_bed":1,"minecraft:furnace":2,"minecraft:iron_ore":21,"minecraft:spruce_log":1,"minecraft:grass":2,"minecraft:oak_log":17,"minecraft:coal_ore":36,"minecraft:vine":2,"minecraft:sand":1780,"minecraft:bamboo":1,"minecraft:stone":40}},"DataVersion":3120}