{"stats":{"minecraft:used":{"minecraft:stone_sword":72,"minecraft:iron_shovel":1709,"minecraft:chest":4,"minecraft:shield":21,"minecraft:iron_sword":127,"minecraft:torch":11,"minecraft:granite":2,"minecraft:wooden_axe":14,"minecraft:iron_axe":1,"minecraft:bow":1,"minecraft:furnace":3,"tombstone:gift":3,"minecraft:cobbled_deepslate":71,"minecraft:diorite":2,"minecraft:stone_pickaxe":131,"minecraft:wooden_pickaxe":11,"minecraft:sandstone":231,"minecraft:sand":852,"minecraft:lime_bed":1,"minecraft:crafting_table":3,"minecraft:crossbow":7,"minecraft:acacia_door":2,"minecraft:bread":66,"minecraft:iron_pickaxe":396,"minecraft:gravel":7,"minecraft:stone_axe":35,"minecraft:wooden_sword":15,"minecraft:cobblestone":71,"minecraft:cooked_porkchop":3,"minecraft:oak_boat":4},"minecraft:broken":{"minecraft:iron_shovel":6,"minecraft:stone_pickaxe":1,"minecraft:iron_pickaxe":1,"minecraft:bow":1},"minecraft:custom":{"minecraft:mob_kills":61,"minecraft:interact_with_crafting_table":25,"minecraft:open_barrel":7,"minecraft:leave_game":5,"minecraft:time_since_death":175268,"minecraft:climb_one_cm":807,"minecraft:sprint_one_cm":720034,"minecraft:walk_one_cm":491200,"minecraft:damage_blocked_by_shield":1060,"minecraft:drop":19,"minecraft:talked_to_villager":1,"minecraft:play_time":416563,"minecraft:deaths":12,"minecraft:sneak_time":1806,"minecraft:walk_under_water_one_cm":33096,"minecraft:boat_one_cm":110219,"minecraft:jump":3872,"minecraft:walk_on_water_one_cm":60170,"minecraft:total_world_time":416563,"minecraft:interact_with_furnace":17,"tombstone:raider_killed":3,"minecraft:sleep_in_bed":10,"minecraft:time_since_rest":90275,"minecraft:damage_taken":5955,"minecraft:damage_dealt":12223,"minecraft:swim_one_cm":190594,"minecraft:fly_one_cm":764910,"minecraft:open_chest":98,"minecraft:crouch_one_cm":4642,"tombstone:undead_killed":35,"minecraft:fall_one_cm":94004},"minecraft:killed_by":{"minecraft:husk":2,"minecraft:pillager":1,"minecraft:skeleton":7,"minecraft:zombie":2},"minecraft:dropped":{"minecraft:bread":1,"minecraft:wheat_seeds":1,"minecraft:diorite":2,"minecraft:wooden_axe":2,"minecraft:wooden_sword":2,"minecraft:sand":7,"minecraft:acacia_door":1,"minecraft:chiseled_sandstone":1,"minecraft:stone_axe":1,"minecraft:stone_sword":1,"minecraft:rotten_flesh":4,"minecraft:jungle_stairs":1,"minecraft:sandstone":9,"minecraft:bow":1,"minecraft:wooden_pickaxe":1},"minecraft:picked_up":{"minecraft:wooden_axe":1,"minecraft:enchanted_book":1,"minecraft:amethyst_block":6,"minecraft:string":16,"minecraft:raw_copper":8,"minecraft:wooden_sword":1,"minecraft:cartography_table":1,"minecraft:cobbled_deepslate":71,"minecraft:spruce_planks":3,"minecraft:oak_boat":4,"minecraft:calcite":20,"minecraft:sugar_cane":9,"minecraft:furnace":2,"minecraft:stick":13,"minecraft:raw_iron":39,"minecraft:sandstone":247,"minecraft:torch":1,"minecraft:acacia_log":17,"minecraft:porkchop":3,"tombstone:grave_dust":1,"minecraft:diorite":4,"minecraft:redstone":23,"minecraft:rotten_flesh":23,"minecraft:arrow":13,"minecraft:cactus":9,"minecraft:jungle_stairs":1,"minecraft:hay_block":17,"minecraft:cobblestone":88,"minecraft:lime_bed":1,"minecraft:jungle_log":4,"minecraft:cut_sandstone":1,"minecraft:smoker":1,"minecraft:flint":1,"minecraft:tuff":5,"minecraft:oak_log":17,"minecraft:smooth_sandstone":2,"minecraft:bone":8,"minecraft:bow":3,"minecraft:wheat_seeds":1,"minecraft:raw_gold":8,"minecraft:grindstone":1,"minecraft:iron_ingot":2,"minecraft:bamboo":11,"minecraft:smooth_basalt":2,"minecraft:gravel":7,"minecraft:jungle_planks":3,"minecraft:sand":1884,"minecraft:amethyst_shard":4,"minecraft:spruce_log":1,"minecraft:chiseled_sandstone":1,"minecraft:spider_eye":4,"minecraft:bundle":1,"minecraft:diamond":1,"minecraft:stone_axe":1,"minecraft:granite":3,"minecraft:bread":1,"tombstone:magic_scroll":1,"minecraft:oak_sapling":1,"minecraft:coal":41,"minecraft:mangrove_propagule":1},"minecraft:crafted":{"minecraft:wooden_sword":1,"minecraft:oak_planks":68,"minecraft:furnace":1,"minecraft:iron_axe":1,"minecraft:stone_pickaxe":1,"minecraft:chest":4,"minecraft:wheat":153,"minecraft:cooked_porkchop":2,"minecraft:crafting_table":3,"minecraft:wooden_pickaxe":1,"minecraft:iron_sword":1,"minecraft:stone_axe":1,"minecraft:bread":67,"minecraft:air":0,"minecraft:oak_boat":1,"minecraft:stick":52,"minecraft:iron_ingot":21,"minecraft:iron_pickaxe":2,"minecraft:wooden_axe":1,"minecraft:stone_sword":1,"minecraft:acacia_door":3,"minecraft:iron_shovel":6,"minecraft:sandstone":16,"minecraft:acacia_planks":68,"minecraft:torch":84},"minecraft:mined":{"minecraft:tuff":5,"minecraft:spruce_planks":3,"minecraft:deepslate_diamond_ore":1,"minecraft:granite":3,"minecraft:acacia_log":18,"minecraft:jungle_planks":3,"minecraft:jungle_log":4,"minecraft:cartography_table":1,"minecraft:mangrove_propagule":1,"minecraft:sandstone":240,"minecraft:hay_block":17,"minecraft:furnace":2,"minecraft:iron_ore":31,"minecraft:chiseled_sandstone":1,"minecraft:deepslate_iron_ore":8,"minecraft:vine":2,"minecraft:bamboo":1,"minecraft:stone":86,"minecraft:deepslate_redstone_ore":5,"minecraft:cut_sandstone":1,"minecraft:smoker":1,"minecraft:medium_amethyst_bud":1,"minecraft:amethyst_cluster":1,"minecraft:smooth_sandstone":2,"minecraft:jungle_stairs":1,"minecraft:calcite":20,"minecraft:dead_bush":5,"minecraft:tall_grass":1,"minecraft:copper_ore":2,"minecraft:cobblestone":1,"minecraft:deepslate_gold_ore":8,"minecraft:grindstone":1,"minecraft:sugar_cane":3,"minecraft:diorite":3,"minecraft:amethyst_block":6,"minecraft:lime_bed":1,"minecraft:cactus":3,"minecraft:spruce_log":1,"minecraft:grass":2,"minecraft:oak_log":17,"minecraft:coal_ore":41,"minecraft:gravel":4,"minecraft:sand":1780,"minecraft:smooth_basalt":2,"minecraft:deepslate":66},"minecraft:killed":{"minecraft:witch":1,"minecraft:spider":18,"minecraft:skeleton":14,"minecraft:husk":16,"minecraft:pig":2,"minecraft:creeper":2,"minecraft:pillager":2,"minecraft:zombie":5}},"DataVersion":3120}