{"stats":{"minecraft:dropped":{"minecraft:bread":1,"minecraft:stone_axe":1,"minecraft:wheat_seeds":1,"minecraft:stone_sword":1,"minecraft:rotten_flesh":4,"minecraft:jungle_stairs":1,"minecraft:wooden_axe":2,"minecraft:wooden_sword":2,"minecraft:sand":1,"minecraft:wooden_pickaxe":1},"minecraft:used":{"minecraft:stone_sword":72,"minecraft:iron_shovel":1702,"minecraft:stone_pickaxe":80,"minecraft:wooden_pickaxe":11,"minecraft:chest":4,"minecraft:sandstone":35,"minecraft:iron_sword":12,"minecraft:torch":1,"minecraft:sand":739,"minecraft:lime_bed":1,"minecraft:crafting_table":3,"minecraft:wooden_axe":14,"minecraft:bread":13,"minecraft:wooden_sword":15,"minecraft:stone_axe":29,"minecraft:furnace":3,"minecraft:cooked_porkchop":3,"tombstone:gift":3,"minecraft:oak_boat":4},"minecraft:custom":{"minecraft:interact_with_furnace":12,"minecraft:mob_kills":25,"minecraft:interact_with_crafting_table":16,"minecraft:leave_game":2,"minecraft:time_since_death":14745,"minecraft:sleep_in_bed":5,"minecraft:climb_one_cm":508,"minecraft:time_since_rest":13462,"minecraft:sprint_one_cm":326277,"minecraft:damage_taken":2595,"minecraft:walk_one_cm":310203,"minecraft:drop":13,"minecraft:damage_dealt":5220,"minecraft:swim_one_cm":168361,"minecraft:talked_to_villager":1,"minecraft:fly_one_cm":365092,"minecraft:play_time":171953,"minecraft:open_chest":43,"minecraft:crouch_one_cm":2052,"tombstone:undead_killed":19,"minecraft:deaths":8,"minecraft:sneak_time":910,"minecraft:walk_under_water_one_cm":26297,"minecraft:boat_one_cm":110219,"minecraft:jump":1784,"minecraft:walk_on_water_one_cm":50538,"minecraft:total_world_time":171953,"minecraft:fall_one_cm":33807},"minecraft:killed_by":{"minecraft:husk":2,"minecraft:skeleton":4,"minecraft:zombie":2},"minecraft:picked_up":{"minecraft:wooden_axe":1,"minecraft:lime_bed":1,"minecraft:jungle_log":4,"minecraft:oak_log":11,"minecraft:string":4,"minecraft:wooden_sword":1,"minecraft:smooth_sandstone":2,"minecraft:bow":1,"minecraft:wheat_seeds":1,"minecraft:spruce_planks":3,"minecraft:oak_boat":4,"minecraft:bamboo":11,"minecraft:sugar_cane":9,"minecraft:furnace":2,"minecraft:stick":13,"minecraft:raw_iron":11,"minecraft:sandstone":20,"minecraft:torch":1,"minecraft:acacia_log":17,"minecraft:porkchop":3,"minecraft:sand":1827,"minecraft:jungle_planks":3,"minecraft:spruce_log":1,"minecraft:arrow":2,"minecraft:spider_eye":2,"minecraft:bundle":1,"minecraft:cactus":9,"minecraft:rotten_flesh":19,"minecraft:stone_axe":1,"minecraft:jungle_stairs":1,"minecraft:bread":1,"tombstone:magic_scroll":1,"minecraft:mangrove_propagule":1,"minecraft:coal":26,"minecraft:cobblestone":35},"minecraft:broken":{"minecraft:iron_shovel":6},"minecraft:killed":{"minecraft:husk":13,"minecraft:pig":2,"minecraft:spider":3,"minecraft:skeleton":3,"minecraft:zombie":3},"minecraft:crafted":{"minecraft:wooden_sword":1,"minecraft:oak_planks":44,"minecraft:cooked_porkchop":2,"minecraft:crafting_table":3,"minecraft:wooden_pickaxe":1,"minecraft:iron_sword":1,"minecraft:furnace":1,"minecraft:stone_axe":1,"minecraft:bread":7,"minecraft:air":0,"minecraft:oak_boat":1,"minecraft:stick":20,"minecraft:iron_ingot":11,"minecraft:stone_pickaxe":1,"minecraft:wooden_axe":1,"minecraft:stone_sword":1,"minecraft:chest":4,"minecraft:iron_shovel":6,"minecraft:sandstone":16,"minecraft:acacia_planks":68},"minecraft:mined":{"minecraft:spruce_planks":3,"minecraft:smooth_sandstone":2,"minecraft:jungle_stairs":1,"minecraft:acacia_log":18,"minecraft:jungle_planks":3,"minecraft:jungle_log":4,"minecraft:dead_bush":5,"minecraft:sugar_cane":3,"minecraft:mangrove_propagule":1,"minecraft:sandstone":17,"minecraft:lime_bed":1,"minecraft:cactus":3,"minecraft:furnace":2,"minecraft:iron_ore":11,"minecraft:spruce_log":1,"minecraft:grass":2,"minecraft:oak_log":11,"minecraft:coal_ore":26,"minecraft:vine":2,"minecraft:sand":1777,"minecraft:bamboo":1,"minecraft:stone":33}},"DataVersion":3120}