{"stats":{"minecraft:used":{"minecraft:stone_sword":61,"minecraft:iron_shovel":639,"minecraft:stone_pickaxe":79,"minecraft:chest":1,"minecraft:wooden_pickaxe":11,"minecraft:sandstone":35,"minecraft:torch":1,"minecraft:sand":463,"minecraft:lime_bed":1,"minecraft:crafting_table":3,"minecraft:wooden_axe":14,"minecraft:bread":9,"minecraft:stone_axe":11,"minecraft:wooden_sword":15,"minecraft:furnace":3,"minecraft:cooked_porkchop":3,"tombstone:gift":3,"minecraft:oak_boat":4},"minecraft:broken":{"minecraft:iron_shovel":2},"minecraft:custom":{"minecraft:interact_with_furnace":10,"minecraft:mob_kills":18,"minecraft:interact_with_crafting_table":13,"minecraft:leave_game":1,"minecraft:time_since_death":27693,"minecraft:sleep_in_bed":4,"minecraft:climb_one_cm":508,"minecraft:time_since_rest":113,"minecraft:sprint_one_cm":241609,"minecraft:damage_taken":1765,"minecraft:walk_one_cm":170705,"minecraft:drop":11,"minecraft:damage_dealt":3867,"minecraft:talked_to_villager":1,"minecraft:swim_one_cm":160916,"minecraft:fly_one_cm":280271,"minecraft:open_chest":20,"minecraft:crouch_one_cm":1761,"minecraft:play_time":93094,"tombstone:undead_killed":12,"minecraft:deaths":5,"minecraft:sneak_time":727,"minecraft:walk_under_water_one_cm":17249,"minecraft:boat_one_cm":110219,"minecraft:jump":1430,"minecraft:walk_on_water_one_cm":44704,"minecraft:total_world_time":93094,"minecraft:fall_one_cm":28557},"minecraft:dropped":{"minecraft:stone_axe":1,"minecraft:wheat_seeds":1,"minecraft:rotten_flesh":4,"minecraft:jungle_stairs":1,"minecraft:wooden_axe":2,"minecraft:wooden_sword":2,"minecraft:sand":1,"minecraft:wooden_pickaxe":1},"minecraft:killed_by":{"minecraft:husk":2,"minecraft:skeleton":2,"minecraft:zombie":1},"minecraft:picked_up":{"minecraft:wooden_axe":1,"minecraft:lime_bed":1,"minecraft:jungle_log":4,"minecraft:oak_log":11,"minecraft:string":4,"minecraft:wooden_sword":1,"minecraft:smooth_sandstone":2,"minecraft:bow":1,"minecraft:wheat_seeds":1,"minecraft:spruce_planks":3,"minecraft:oak_boat":4,"minecraft:bamboo":11,"minecraft:sugar_cane":9,"minecraft:furnace":2,"minecraft:stick":11,"minecraft:sandstone":19,"minecraft:raw_iron":11,"minecraft:torch":1,"minecraft:porkchop":3,"minecraft:sand":746,"minecraft:jungle_planks":3,"minecraft:spruce_log":1,"minecraft:spider_eye":2,"minecraft:bundle":1,"minecraft:cactus":9,"minecraft:rotten_flesh":15,"minecraft:stone_axe":1,"minecraft:jungle_stairs":1,"tombstone:magic_scroll":1,"minecraft:coal":26,"minecraft:mangrove_propagule":1,"minecraft:cobblestone":35},"minecraft:crafted":{"minecraft:wooden_sword":1,"minecraft:oak_planks":44,"minecraft:cooked_porkchop":2,"minecraft:crafting_table":3,"minecraft:wooden_pickaxe":1,"minecraft:furnace":1,"minecraft:stone_axe":1,"minecraft:bread":7,"minecraft:air":0,"minecraft:oak_boat":1,"minecraft:stick":20,"minecraft:iron_ingot":11,"minecraft:sandstone":16,"minecraft:stone_pickaxe":1,"minecraft:wooden_axe":1,"minecraft:chest":1,"minecraft:stone_sword":1,"minecraft:iron_shovel":6},"minecraft:mined":{"minecraft:spruce_planks":3,"minecraft:smooth_sandstone":2,"minecraft:jungle_stairs":1,"minecraft:jungle_planks":3,"minecraft:jungle_log":4,"minecraft:dead_bush":4,"minecraft:sugar_cane":3,"minecraft:sandstone":16,"minecraft:mangrove_propagule":1,"minecraft:cactus":3,"minecraft:lime_bed":1,"minecraft:furnace":2,"minecraft:iron_ore":11,"minecraft:spruce_log":1,"minecraft:grass":2,"minecraft:oak_log":11,"minecraft:coal_ore":26,"minecraft:vine":2,"minecraft:sand":710,"minecraft:bamboo":1,"minecraft:stone":33},"minecraft:killed":{"minecraft:husk":8,"minecraft:pig":2,"minecraft:spider":3,"minecraft:skeleton":2,"minecraft:zombie":2}},"DataVersion":3120}