{"stats":{"minecraft:dropped":{"minecraft:stone_axe":1,"minecraft:wheat_seeds":1,"minecraft:rotten_flesh":4,"minecraft:jungle_stairs":1,"minecraft:wooden_axe":2,"minecraft:wooden_sword":2,"minecraft:sand":1,"minecraft:wooden_pickaxe":1},"minecraft:used":{"minecraft:stone_sword":69,"minecraft:iron_shovel":767,"minecraft:stone_pickaxe":79,"minecraft:wooden_pickaxe":11,"minecraft:chest":1,"minecraft:sandstone":35,"minecraft:torch":1,"minecraft:sand":463,"minecraft:lime_bed":1,"minecraft:crafting_table":3,"minecraft:wooden_axe":14,"minecraft:bread":9,"minecraft:wooden_sword":15,"minecraft:stone_axe":11,"minecraft:furnace":3,"minecraft:cooked_porkchop":3,"tombstone:gift":3,"minecraft:oak_boat":4},"minecraft:custom":{"minecraft:interact_with_furnace":11,"minecraft:mob_kills":20,"minecraft:interact_with_crafting_table":13,"minecraft:leave_game":1,"minecraft:time_since_death":341,"minecraft:sleep_in_bed":4,"minecraft:climb_one_cm":508,"minecraft:time_since_rest":325,"minecraft:sprint_one_cm":253691,"minecraft:damage_taken":2245,"minecraft:walk_one_cm":188701,"minecraft:drop":11,"minecraft:damage_dealt":4267,"minecraft:swim_one_cm":160916,"minecraft:talked_to_villager":1,"minecraft:fly_one_cm":290288,"minecraft:play_time":100718,"minecraft:open_chest":21,"minecraft:crouch_one_cm":1883,"tombstone:undead_killed":14,"minecraft:deaths":7,"minecraft:sneak_time":740,"minecraft:walk_under_water_one_cm":17249,"minecraft:boat_one_cm":110219,"minecraft:jump":1466,"minecraft:walk_on_water_one_cm":44704,"minecraft:total_world_time":100718,"minecraft:fall_one_cm":28557},"minecraft:killed_by":{"minecraft:husk":2,"minecraft:skeleton":4,"minecraft:zombie":1},"minecraft:picked_up":{"minecraft:wooden_axe":1,"minecraft:lime_bed":1,"minecraft:jungle_log":4,"minecraft:oak_log":11,"minecraft:string":4,"minecraft:wooden_sword":1,"minecraft:smooth_sandstone":2,"minecraft:bow":1,"minecraft:wheat_seeds":1,"minecraft:spruce_planks":3,"minecraft:oak_boat":4,"minecraft:bamboo":11,"minecraft:sugar_cane":9,"minecraft:furnace":2,"minecraft:stick":11,"minecraft:raw_iron":11,"minecraft:sandstone":19,"minecraft:torch":1,"minecraft:porkchop":3,"minecraft:sand":874,"minecraft:jungle_planks":3,"minecraft:spruce_log":1,"minecraft:spider_eye":2,"minecraft:bundle":1,"minecraft:cactus":9,"minecraft:rotten_flesh":17,"minecraft:stone_axe":1,"minecraft:jungle_stairs":1,"tombstone:magic_scroll":1,"minecraft:mangrove_propagule":1,"minecraft:coal":26,"minecraft:cobblestone":35},"minecraft:broken":{"minecraft:iron_shovel":3},"minecraft:killed":{"minecraft:husk":9,"minecraft:pig":2,"minecraft:spider":3,"minecraft:skeleton":2,"minecraft:zombie":3},"minecraft:crafted":{"minecraft:wooden_sword":1,"minecraft:oak_planks":44,"minecraft:cooked_porkchop":2,"minecraft:crafting_table":3,"minecraft:wooden_pickaxe":1,"minecraft:furnace":1,"minecraft:stone_axe":1,"minecraft:bread":7,"minecraft:air":0,"minecraft:oak_boat":1,"minecraft:stick":20,"minecraft:iron_ingot":11,"minecraft:stone_pickaxe":1,"minecraft:wooden_axe":1,"minecraft:stone_sword":1,"minecraft:chest":1,"minecraft:iron_shovel":6,"minecraft:sandstone":16},"minecraft:mined":{"minecraft:spruce_planks":3,"minecraft:smooth_sandstone":2,"minecraft:jungle_stairs":1,"minecraft:jungle_planks":3,"minecraft:jungle_log":4,"minecraft:dead_bush":4,"minecraft:sugar_cane":3,"minecraft:mangrove_propagule":1,"minecraft:sandstone":16,"minecraft:lime_bed":1,"minecraft:cactus":3,"minecraft:furnace":2,"minecraft:iron_ore":11,"minecraft:spruce_log":1,"minecraft:grass":2,"minecraft:oak_log":11,"minecraft:coal_ore":26,"minecraft:vine":2,"minecraft:sand":839,"minecraft:bamboo":1,"minecraft:stone":33}},"DataVersion":3120}