{"stats":{"minecraft:picked_up":{"minecraft:sugar_cane":6},"minecraft:custom":{"minecraft:jump":51,"minecraft:time_since_rest":3853,"minecraft:damage_dealt":45,"minecraft:crouch_one_cm":275,"minecraft:walk_on_water_one_cm":4718,"minecraft:sprint_one_cm":3883,"minecraft:play_time":3853,"minecraft:damage_taken":20,"minecraft:time_since_death":3853,"minecraft:walk_one_cm":11491,"minecraft:sneak_time":62,"minecraft:total_world_time":3853,"minecraft:walk_under_water_one_cm":93,"minecraft:fall_one_cm":627,"minecraft:fly_one_cm":10786},"minecraft:mined":{"minecraft:tall_grass":3,"minecraft:sugar_cane":2}},"DataVersion":3120}