{"stats":{"minecraft:used":{"minecraft:stone_sword":105,"minecraft:stone_shovel":263,"minecraft:chest":4,"minecraft:torch":16,"minecraft:dirt":47,"minecraft:mutton":2,"minecraft:golden_shovel":4,"minecraft:tuff":16,"minecraft:granite":1,"minecraft:bamboo":21,"minecraft:hay_block":3,"minecraft:furnace":4,"minecraft:oak_sapling":15,"minecraft:cooked_beef":6,"minecraft:cobbled_deepslate":29,"minecraft:cooked_mutton":1,"minecraft:water_bucket":11,"minecraft:stone_pickaxe":495,"minecraft:oak_planks":1,"minecraft:wooden_pickaxe":59,"minecraft:sandstone":88,"minecraft:sugar_cane":14,"minecraft:deepslate_bricks":154,"minecraft:sand":38,"minecraft:crafting_table":9,"minecraft:lime_bed":4,"minecraft:white_bed":3,"minecraft:diamond_pickaxe":14,"minecraft:apple":4,"minecraft:bread":7,"minecraft:iron_pickaxe":59,"minecraft:map":1,"minecraft:gravel":3,"minecraft:stone_axe":71,"minecraft:cobblestone":9,"minecraft:andesite":1,"minecraft:bucket":11,"minecraft:oak_boat":4,"minecraft:coarse_dirt":1,"minecraft:bone_meal":3,"minecraft:golden_pickaxe":132,"minecraft:experience_bottle":2},"minecraft:crafted":{"minecraft:oak_planks":56,"minecraft:stone_shovel":2,"minecraft:furnace":2,"minecraft:bone_meal":3,"minecraft:cooked_mutton":1,"minecraft:iron_boots":1,"minecraft:polished_deepslate":216,"minecraft:stone_pickaxe":4,"minecraft:chest":4,"minecraft:wheat":63,"minecraft:cooked_beef":6,"minecraft:crafting_table":2,"minecraft:enchanting_table":1,"minecraft:wooden_pickaxe":1,"minecraft:stone_axe":1,"minecraft:bread":21,"minecraft:air":0,"minecraft:oak_boat":1,"minecraft:book":1,"minecraft:diamond_pickaxe":1,"minecraft:stick":67,"minecraft:iron_ingot":10,"minecraft:stone_sword":1,"minecraft:sandstone":64,"minecraft:iron_leggings":1,"minecraft:white_bed":1,"minecraft:torch":16,"minecraft:deepslate_bricks":216},"minecraft:picked_up":{"minecraft:coarse_dirt":1,"minecraft:crafting_table":8,"minecraft:brewing_stand":1,"minecraft:string":4,"minecraft:cobbled_deepslate":254,"minecraft:beef":6,"minecraft:oak_boat":4,"minecraft:sugar_cane":19,"minecraft:furnace":2,"minecraft:stick":24,"minecraft:raw_iron":9,"minecraft:sandstone":66,"minecraft:torch":3,"minecraft:diorite":12,"minecraft:cactus":6,"minecraft:arrow":2,"minecraft:rotten_flesh":6,"minecraft:deepslate_bricks":6,"minecraft:hay_block":41,"minecraft:mutton":3,"minecraft:obsidian":14,"minecraft:cobblestone":239,"minecraft:white_wool":3,"minecraft:lime_bed":4,"minecraft:andesite":23,"minecraft:leather":2,"minecraft:flint":3,"minecraft:tuff":16,"minecraft:oak_log":42,"minecraft:gunpowder":2,"minecraft:lapis_lazuli":17,"minecraft:dirt":55,"minecraft:bone":1,"minecraft:apple":4,"minecraft:raw_gold":7,"minecraft:iron_ingot":3,"minecraft:bamboo":139,"minecraft:gravel":6,"minecraft:sand":333,"minecraft:white_bed":2,"minecraft:spider_eye":3,"minecraft:diamond":12,"minecraft:stone_axe":1,"minecraft:granite":48,"minecraft:oak_sapling":18,"minecraft:coal":39},"minecraft:custom":{"minecraft:mob_kills":20,"minecraft:interact_with_crafting_table":25,"minecraft:leave_game":2,"minecraft:time_since_death":133186,"minecraft:climb_one_cm":3381,"minecraft:sprint_one_cm":156332,"minecraft:walk_one_cm":229091,"minecraft:drop":4,"minecraft:talked_to_villager":2,"minecraft:play_time":133186,"minecraft:sneak_time":5720,"minecraft:walk_under_water_one_cm":10943,"minecraft:boat_one_cm":212200,"minecraft:jump":1285,"minecraft:walk_on_water_one_cm":21265,"minecraft:total_world_time":133186,"minecraft:interact_with_furnace":16,"minecraft:sleep_in_bed":8,"minecraft:time_since_rest":1015,"minecraft:damage_taken":642,"minecraft:damage_dealt":3630,"minecraft:fly_one_cm":184960,"minecraft:swim_one_cm":41393,"minecraft:open_chest":22,"minecraft:crouch_one_cm":17569,"tombstone:undead_killed":8,"minecraft:fall_one_cm":30143},"minecraft:broken":{"minecraft:stone_sword":1,"minecraft:wooden_pickaxe":1,"minecraft:stone_pickaxe":3,"minecraft:golden_pickaxe":2,"minecraft:stone_shovel":2},"minecraft:killed":{"minecraft:spider":4,"minecraft:skeleton":2,"minecraft:husk":2,"minecraft:iron_golem":1,"minecraft:creeper":1,"minecraft:sheep":3,"minecraft:zombie":4,"minecraft:cow":3},"minecraft:dropped":{"minecraft:stone_axe":1,"minecraft:filled_map":1,"minecraft:gunpowder":1,"minecraft:spider_eye":1},"minecraft:mined":{"minecraft:tuff":21,"minecraft:white_bed":2,"minecraft:deepslate_diamond_ore":15,"minecraft:brewing_stand":1,"minecraft:obsidian":14,"minecraft:granite":48,"minecraft:grass_block":5,"minecraft:deepslate_bricks":6,"minecraft:sandstone":66,"minecraft:hay_block":41,"minecraft:furnace":2,"minecraft:iron_ore":6,"minecraft:cobbled_deepslate":2,"minecraft:andesite":17,"minecraft:deepslate_lapis_ore":2,"minecraft:deepslate_iron_ore":3,"minecraft:bamboo_sapling":1,"minecraft:bamboo":38,"minecraft:stone":240,"minecraft:crafting_table":8,"minecraft:torch":2,"minecraft:dead_bush":5,"minecraft:deepslate_gold_ore":7,"minecraft:sugar_cane":11,"minecraft:diorite":12,"minecraft:cactus":2,"minecraft:lime_bed":4,"minecraft:coarse_dirt":1,"minecraft:mangrove_leaves":3,"minecraft:grass":2,"minecraft:coal_ore":25,"minecraft:oak_log":42,"minecraft:gravel":9,"minecraft:sand":323,"minecraft:dirt":49,"minecraft:deepslate":254,"minecraft:oak_leaves":9,"minecraft:fern":1}},"DataVersion":3120}