{"stats":{"minecraft:used":{"minecraft:cooked_mutton":1,"minecraft:stone_sword":99,"minecraft:stone_shovel":263,"minecraft:stone_pickaxe":279,"minecraft:oak_planks":1,"minecraft:chest":4,"minecraft:wooden_pickaxe":59,"minecraft:sandstone":88,"minecraft:deepslate_bricks":58,"minecraft:torch":14,"minecraft:dirt":47,"minecraft:sand":37,"minecraft:mutton":2,"minecraft:lime_bed":4,"minecraft:crafting_table":9,"minecraft:white_bed":3,"minecraft:tuff":15,"minecraft:granite":1,"minecraft:apple":1,"minecraft:bread":4,"minecraft:iron_pickaxe":46,"minecraft:map":1,"minecraft:stone_axe":33,"minecraft:bamboo":21,"minecraft:hay_block":3,"minecraft:oak_sapling":11,"minecraft:furnace":2,"minecraft:andesite":1,"minecraft:bone_meal":3,"minecraft:oak_boat":4,"minecraft:coarse_dirt":1,"minecraft:cooked_beef":6,"minecraft:golden_pickaxe":132,"minecraft:experience_bottle":2,"minecraft:cobbled_deepslate":29},"minecraft:crafted":{"minecraft:cooked_beef":6,"minecraft:oak_planks":56,"minecraft:stone_shovel":2,"minecraft:crafting_table":2,"minecraft:wooden_pickaxe":1,"minecraft:furnace":1,"minecraft:bone_meal":3,"minecraft:stone_axe":1,"minecraft:bread":21,"minecraft:cooked_mutton":1,"minecraft:air":0,"minecraft:oak_boat":1,"minecraft:iron_boots":1,"minecraft:polished_deepslate":56,"minecraft:stick":67,"minecraft:iron_ingot":1,"minecraft:stone_pickaxe":4,"minecraft:chest":4,"minecraft:stone_sword":1,"minecraft:iron_leggings":1,"minecraft:sandstone":64,"minecraft:white_bed":1,"minecraft:torch":16,"minecraft:deepslate_bricks":56,"minecraft:wheat":63},"minecraft:picked_up":{"minecraft:crafting_table":7,"minecraft:lime_bed":4,"minecraft:coarse_dirt":1,"minecraft:andesite":12,"minecraft:leather":2,"minecraft:flint":2,"minecraft:tuff":16,"minecraft:oak_log":14,"minecraft:brewing_stand":1,"minecraft:gunpowder":2,"minecraft:lapis_lazuli":17,"minecraft:string":4,"minecraft:dirt":47,"minecraft:bone":1,"minecraft:apple":1,"minecraft:cobbled_deepslate":225,"minecraft:raw_gold":7,"minecraft:iron_ingot":3,"minecraft:beef":6,"minecraft:oak_boat":4,"minecraft:bamboo":139,"minecraft:sugar_cane":19,"minecraft:furnace":1,"minecraft:raw_iron":3,"minecraft:stick":11,"minecraft:sandstone":24,"minecraft:torch":1,"minecraft:gravel":3,"minecraft:sand":322,"minecraft:diorite":2,"minecraft:white_bed":2,"minecraft:spider_eye":3,"minecraft:arrow":2,"minecraft:cactus":6,"minecraft:rotten_flesh":6,"minecraft:diamond":9,"minecraft:stone_axe":1,"minecraft:deepslate_bricks":2,"minecraft:hay_block":41,"minecraft:granite":23,"minecraft:oak_sapling":11,"minecraft:mutton":3,"minecraft:coal":19,"minecraft:white_wool":3,"minecraft:cobblestone":119},"minecraft:custom":{"minecraft:interact_with_furnace":7,"minecraft:mob_kills":19,"minecraft:interact_with_crafting_table":16,"minecraft:leave_game":2,"minecraft:time_since_death":109186,"minecraft:sleep_in_bed":7,"minecraft:climb_one_cm":3381,"minecraft:time_since_rest":14065,"minecraft:damage_taken":548,"minecraft:sprint_one_cm":113062,"minecraft:walk_one_cm":187265,"minecraft:drop":4,"minecraft:damage_dealt":3320,"minecraft:swim_one_cm":28429,"minecraft:talked_to_villager":2,"minecraft:fly_one_cm":142099,"minecraft:open_chest":8,"minecraft:play_time":109186,"minecraft:crouch_one_cm":11196,"tombstone:undead_killed":7,"minecraft:sneak_time":3408,"minecraft:walk_under_water_one_cm":4892,"minecraft:boat_one_cm":212200,"minecraft:jump":935,"minecraft:walk_on_water_one_cm":13635,"minecraft:total_world_time":109186,"minecraft:fall_one_cm":23896},"minecraft:broken":{"minecraft:stone_pickaxe":2,"minecraft:stone_sword":1,"minecraft:golden_pickaxe":2,"minecraft:stone_shovel":2,"minecraft:wooden_pickaxe":1},"minecraft:killed":{"minecraft:husk":2,"minecraft:spider":4,"minecraft:iron_golem":1,"minecraft:creeper":1,"minecraft:skeleton":2,"minecraft:sheep":3,"minecraft:zombie":3,"minecraft:cow":3},"minecraft:dropped":{"minecraft:stone_axe":1,"minecraft:filled_map":1,"minecraft:gunpowder":1,"minecraft:spider_eye":1},"minecraft:mined":{"minecraft:tuff":21,"minecraft:white_bed":2,"minecraft:deepslate_diamond_ore":12,"minecraft:brewing_stand":1,"minecraft:crafting_table":7,"minecraft:torch":1,"minecraft:granite":23,"minecraft:grass_block":5,"minecraft:dead_bush":5,"minecraft:deepslate_bricks":2,"minecraft:deepslate_gold_ore":7,"minecraft:sugar_cane":11,"minecraft:diorite":2,"minecraft:sandstone":24,"minecraft:hay_block":41,"minecraft:lime_bed":4,"minecraft:cactus":2,"minecraft:coarse_dirt":1,"minecraft:furnace":1,"minecraft:cobbled_deepslate":2,"minecraft:andesite":6,"minecraft:deepslate_lapis_ore":2,"minecraft:mangrove_leaves":3,"minecraft:deepslate_iron_ore":3,"minecraft:grass":2,"minecraft:oak_log":14,"minecraft:coal_ore":17,"minecraft:gravel":5,"minecraft:sand":317,"minecraft:dirt":41,"minecraft:bamboo_sapling":1,"minecraft:bamboo":38,"minecraft:oak_leaves":7,"minecraft:stone":120,"minecraft:deepslate":225,"minecraft:fern":1}},"DataVersion":3120}