{"stats":{"minecraft:used":{"minecraft:stone_sword":105,"minecraft:stone_shovel":263,"minecraft:chest":4,"minecraft:torch":15,"minecraft:dirt":47,"minecraft:mutton":2,"minecraft:tuff":16,"minecraft:granite":1,"minecraft:bamboo":21,"minecraft:hay_block":3,"minecraft:furnace":3,"minecraft:oak_sapling":11,"minecraft:cooked_beef":6,"minecraft:cobbled_deepslate":29,"minecraft:cooked_mutton":1,"minecraft:water_bucket":5,"minecraft:stone_pickaxe":394,"minecraft:oak_planks":1,"minecraft:wooden_pickaxe":59,"minecraft:sandstone":88,"minecraft:deepslate_bricks":58,"minecraft:sand":37,"minecraft:crafting_table":9,"minecraft:lime_bed":4,"minecraft:white_bed":3,"minecraft:diamond_pickaxe":14,"minecraft:apple":1,"minecraft:bread":6,"minecraft:iron_pickaxe":55,"minecraft:map":1,"minecraft:gravel":3,"minecraft:stone_axe":41,"minecraft:andesite":1,"minecraft:bucket":5,"minecraft:oak_boat":4,"minecraft:coarse_dirt":1,"minecraft:bone_meal":3,"minecraft:golden_pickaxe":132,"minecraft:experience_bottle":2},"minecraft:crafted":{"minecraft:oak_planks":56,"minecraft:stone_shovel":2,"minecraft:furnace":2,"minecraft:bone_meal":3,"minecraft:cooked_mutton":1,"minecraft:iron_boots":1,"minecraft:polished_deepslate":56,"minecraft:stone_pickaxe":4,"minecraft:chest":4,"minecraft:wheat":63,"minecraft:cooked_beef":6,"minecraft:crafting_table":2,"minecraft:wooden_pickaxe":1,"minecraft:stone_axe":1,"minecraft:bread":21,"minecraft:air":0,"minecraft:oak_boat":1,"minecraft:diamond_pickaxe":1,"minecraft:stick":67,"minecraft:iron_ingot":4,"minecraft:stone_sword":1,"minecraft:sandstone":64,"minecraft:iron_leggings":1,"minecraft:white_bed":1,"minecraft:torch":16,"minecraft:deepslate_bricks":56},"minecraft:picked_up":{"minecraft:coarse_dirt":1,"minecraft:crafting_table":8,"minecraft:brewing_stand":1,"minecraft:string":4,"minecraft:cobbled_deepslate":254,"minecraft:beef":6,"minecraft:oak_boat":4,"minecraft:sugar_cane":19,"minecraft:furnace":2,"minecraft:stick":11,"minecraft:raw_iron":8,"minecraft:sandstone":24,"minecraft:torch":2,"minecraft:diorite":12,"minecraft:cactus":6,"minecraft:arrow":2,"minecraft:rotten_flesh":6,"minecraft:deepslate_bricks":2,"minecraft:hay_block":41,"minecraft:mutton":3,"minecraft:obsidian":14,"minecraft:cobblestone":180,"minecraft:white_wool":3,"minecraft:lime_bed":4,"minecraft:andesite":23,"minecraft:leather":2,"minecraft:flint":3,"minecraft:tuff":16,"minecraft:oak_log":14,"minecraft:gunpowder":2,"minecraft:lapis_lazuli":17,"minecraft:dirt":55,"minecraft:bone":1,"minecraft:apple":1,"minecraft:raw_gold":7,"minecraft:iron_ingot":3,"minecraft:bamboo":139,"minecraft:gravel":6,"minecraft:sand":322,"minecraft:white_bed":2,"minecraft:spider_eye":3,"minecraft:diamond":12,"minecraft:stone_axe":1,"minecraft:granite":48,"minecraft:oak_sapling":11,"minecraft:coal":31},"minecraft:custom":{"minecraft:mob_kills":20,"minecraft:interact_with_crafting_table":19,"minecraft:leave_game":2,"minecraft:time_since_death":121186,"minecraft:climb_one_cm":3381,"minecraft:sprint_one_cm":124612,"minecraft:walk_one_cm":202000,"minecraft:drop":4,"minecraft:talked_to_villager":2,"minecraft:play_time":121186,"minecraft:sneak_time":4634,"minecraft:walk_under_water_one_cm":10648,"minecraft:boat_one_cm":212200,"minecraft:jump":1089,"minecraft:walk_on_water_one_cm":21068,"minecraft:total_world_time":121186,"minecraft:interact_with_furnace":9,"minecraft:sleep_in_bed":7,"minecraft:time_since_rest":26065,"minecraft:damage_taken":562,"minecraft:damage_dealt":3630,"minecraft:fly_one_cm":155210,"minecraft:swim_one_cm":39250,"minecraft:open_chest":8,"minecraft:crouch_one_cm":12146,"tombstone:undead_killed":8,"minecraft:fall_one_cm":24732},"minecraft:broken":{"minecraft:stone_sword":1,"minecraft:wooden_pickaxe":1,"minecraft:stone_pickaxe":3,"minecraft:golden_pickaxe":2,"minecraft:stone_shovel":2},"minecraft:killed":{"minecraft:spider":4,"minecraft:skeleton":2,"minecraft:husk":2,"minecraft:iron_golem":1,"minecraft:creeper":1,"minecraft:sheep":3,"minecraft:zombie":4,"minecraft:cow":3},"minecraft:dropped":{"minecraft:stone_axe":1,"minecraft:filled_map":1,"minecraft:gunpowder":1,"minecraft:spider_eye":1},"minecraft:mined":{"minecraft:tuff":21,"minecraft:white_bed":2,"minecraft:deepslate_diamond_ore":15,"minecraft:brewing_stand":1,"minecraft:obsidian":14,"minecraft:granite":48,"minecraft:grass_block":5,"minecraft:deepslate_bricks":2,"minecraft:sandstone":24,"minecraft:hay_block":41,"minecraft:furnace":2,"minecraft:iron_ore":5,"minecraft:cobbled_deepslate":2,"minecraft:andesite":17,"minecraft:deepslate_lapis_ore":2,"minecraft:deepslate_iron_ore":3,"minecraft:bamboo_sapling":1,"minecraft:bamboo":38,"minecraft:stone":182,"minecraft:crafting_table":8,"minecraft:torch":1,"minecraft:dead_bush":5,"minecraft:deepslate_gold_ore":7,"minecraft:sugar_cane":11,"minecraft:diorite":12,"minecraft:cactus":2,"minecraft:lime_bed":4,"minecraft:coarse_dirt":1,"minecraft:mangrove_leaves":3,"minecraft:grass":2,"minecraft:coal_ore":17,"minecraft:oak_log":14,"minecraft:gravel":9,"minecraft:sand":317,"minecraft:dirt":49,"minecraft:deepslate":254,"minecraft:oak_leaves":7,"minecraft:fern":1}},"DataVersion":3120}