{"stats":{"minecraft:used":{"minecraft:cooked_mutton":1,"minecraft:stone_sword":89,"minecraft:stone_shovel":263,"minecraft:stone_pickaxe":131,"minecraft:oak_planks":1,"minecraft:chest":4,"minecraft:wooden_pickaxe":59,"minecraft:sandstone":88,"minecraft:deepslate_bricks":58,"minecraft:dirt":47,"minecraft:sand":37,"minecraft:mutton":2,"minecraft:lime_bed":4,"minecraft:crafting_table":8,"minecraft:white_bed":3,"minecraft:granite":1,"minecraft:bread":1,"minecraft:map":1,"minecraft:stone_axe":33,"minecraft:bamboo":21,"minecraft:hay_block":3,"minecraft:oak_sapling":5,"minecraft:furnace":2,"minecraft:andesite":1,"minecraft:bone_meal":3,"minecraft:oak_boat":4,"minecraft:coarse_dirt":1,"minecraft:cooked_beef":6,"minecraft:golden_pickaxe":116,"minecraft:experience_bottle":2,"minecraft:cobbled_deepslate":3},"minecraft:crafted":{"minecraft:cooked_beef":6,"minecraft:oak_planks":56,"minecraft:stone_shovel":2,"minecraft:crafting_table":2,"minecraft:wooden_pickaxe":1,"minecraft:furnace":1,"minecraft:bone_meal":3,"minecraft:stone_axe":1,"minecraft:bread":21,"minecraft:cooked_mutton":1,"minecraft:air":0,"minecraft:oak_boat":1,"minecraft:iron_boots":1,"minecraft:polished_deepslate":56,"minecraft:stick":67,"minecraft:iron_ingot":1,"minecraft:stone_pickaxe":4,"minecraft:chest":4,"minecraft:stone_sword":1,"minecraft:iron_leggings":1,"minecraft:sandstone":64,"minecraft:white_bed":1,"minecraft:deepslate_bricks":56,"minecraft:wheat":63},"minecraft:picked_up":{"minecraft:crafting_table":7,"minecraft:lime_bed":4,"minecraft:coarse_dirt":1,"minecraft:andesite":12,"minecraft:leather":2,"minecraft:flint":2,"minecraft:oak_log":14,"minecraft:brewing_stand":1,"minecraft:gunpowder":2,"minecraft:string":1,"minecraft:dirt":47,"minecraft:bone":1,"minecraft:cobbled_deepslate":63,"minecraft:iron_ingot":3,"minecraft:beef":6,"minecraft:oak_boat":4,"minecraft:bamboo":139,"minecraft:sugar_cane":19,"minecraft:furnace":1,"minecraft:stick":8,"minecraft:sandstone":24,"minecraft:gravel":3,"minecraft:sand":322,"minecraft:diorite":2,"minecraft:white_bed":2,"minecraft:spider_eye":2,"minecraft:arrow":2,"minecraft:cactus":6,"minecraft:rotten_flesh":6,"minecraft:stone_axe":1,"minecraft:deepslate_bricks":2,"minecraft:hay_block":41,"minecraft:granite":23,"minecraft:oak_sapling":5,"minecraft:mutton":3,"minecraft:coal":19,"minecraft:white_wool":3,"minecraft:cobblestone":119},"minecraft:custom":{"minecraft:interact_with_furnace":7,"minecraft:mob_kills":16,"minecraft:interact_with_crafting_table":16,"minecraft:leave_game":2,"minecraft:time_since_death":97186,"minecraft:sleep_in_bed":7,"minecraft:climb_one_cm":3381,"minecraft:time_since_rest":2065,"minecraft:damage_taken":426,"minecraft:sprint_one_cm":98254,"minecraft:walk_one_cm":156731,"minecraft:drop":4,"minecraft:damage_dealt":2800,"minecraft:swim_one_cm":23627,"minecraft:talked_to_villager":2,"minecraft:fly_one_cm":130593,"minecraft:open_chest":8,"minecraft:play_time":97186,"minecraft:crouch_one_cm":8912,"tombstone:undead_killed":6,"minecraft:sneak_time":2423,"minecraft:walk_under_water_one_cm":4533,"minecraft:boat_one_cm":212200,"minecraft:jump":841,"minecraft:walk_on_water_one_cm":11458,"minecraft:total_world_time":97186,"minecraft:fall_one_cm":20564},"minecraft:broken":{"minecraft:stone_pickaxe":1,"minecraft:golden_pickaxe":1,"minecraft:stone_shovel":2,"minecraft:wooden_pickaxe":1},"minecraft:killed":{"minecraft:husk":2,"minecraft:spider":2,"minecraft:iron_golem":1,"minecraft:creeper":1,"minecraft:skeleton":1,"minecraft:sheep":3,"minecraft:zombie":3,"minecraft:cow":3},"minecraft:mined":{"minecraft:white_bed":2,"minecraft:brewing_stand":1,"minecraft:crafting_table":7,"minecraft:granite":23,"minecraft:grass_block":5,"minecraft:dead_bush":5,"minecraft:deepslate_bricks":2,"minecraft:sugar_cane":11,"minecraft:diorite":2,"minecraft:sandstone":24,"minecraft:hay_block":41,"minecraft:lime_bed":4,"minecraft:cactus":2,"minecraft:coarse_dirt":1,"minecraft:furnace":1,"minecraft:andesite":6,"minecraft:mangrove_leaves":3,"minecraft:grass":2,"minecraft:oak_log":14,"minecraft:coal_ore":17,"minecraft:gravel":5,"minecraft:sand":317,"minecraft:dirt":41,"minecraft:bamboo_sapling":1,"minecraft:bamboo":38,"minecraft:oak_leaves":5,"minecraft:stone":120,"minecraft:deepslate":64,"minecraft:fern":1},"minecraft:dropped":{"minecraft:stone_axe":1,"minecraft:filled_map":1,"minecraft:gunpowder":1,"minecraft:spider_eye":1}},"DataVersion":3120}