{"stats":{"minecraft:used":{"cfm:stripped_birch_chair":1,"minecraft:sand":2,"minecraft:birch_sign":2,"tombstone:gift":2,"minecraft:white_dye":1,"minecraft:glow_ink_sac":1},"minecraft:custom":{"minecraft:time_since_rest":7152,"minecraft:open_chest":2,"minecraft:crouch_one_cm":239,"minecraft:play_time":17600,"minecraft:sprint_one_cm":3900,"minecraft:walk_one_cm":4773,"minecraft:damage_taken":280,"minecraft:deaths":1,"minecraft:sneak_time":186,"minecraft:jump":37,"minecraft:time_since_death":7743,"minecraft:total_world_time":17600,"minecraft:fly_one_cm":9592,"minecraft:fall_one_cm":209},"minecraft:killed_by":{"minecraft:enderman":1},"minecraft:picked_up":{"minecraft:sand":2,"tombstone:grave_dust":1,"minecraft:chest":1},"minecraft:mined":{"minecraft:chest":1,"minecraft:sand":1}},"DataVersion":3120}