{"stats":{"minecraft:used":{"aether:ambrosium_torch":9,"minecraft:moss_carpet":3,"minecraft:polished_deepslate":114,"minecraft:ladder":3,"aether:aether_portal_frame":1,"minecraft:chest":16,"minecraft:shield":3,"minecraft:stone":1,"minecraft:iron_sword":38,"minecraft:mutton":3,"minecraft:carrot":20,"minecraft:acacia_sapling":1,"minecraft:obsidian":10,"minecraft:mangrove_log":3,"minecraft:grass_block":81,"aether:lightning_sword":4,"minecraft:magma_block":3,"minecraft:mangrove_roots":5,"minecraft:furnace":3,"minecraft:oak_sapling":14,"minecraft:egg":4,"minecraft:diorite":1,"minecraft:cow_spawn_egg":2,"minecraft:diamond_boots":1,"minecraft:stone_pickaxe":114,"minecraft:oak_planks":1,"minecraft:wooden_pickaxe":8,"minecraft:sandstone":44,"minecraft:composter":1,"minecraft:diamond_axe":174,"minecraft:sugar_cane":38,"minecraft:sand":84,"minecraft:acacia_leaves":1,"minecraft:deepslate_tiles":67,"minecraft:bread":32,"minecraft:melon_slice":45,"minecraft:lectern":1,"minecraft:gravel":8,"minecraft:diamond_sword":85,"tombstone:familiar_stone":1,"minecraft:dark_oak_fence":2,"minecraft:andesite":1,"minecraft:oak_boat":8,"minecraft:coarse_dirt":5,"minecraft:oak_trapdoor":3,"cfm:stripped_birch_chair":1,"minecraft:enchanting_table":1,"minecraft:acacia_log":2,"minecraft:flint_and_steel":1,"minecraft:netherrack":9,"minecraft:torch":24,"minecraft:dirt":298,"minecraft:hopper":5,"minecraft:cobblestone_wall":92,"minecraft:diamond_helmet":1,"minecraft:oak_fence_gate":2,"minecraft:polished_diorite":4,"minecraft:iron_hoe":59,"minecraft:bookshelf":8,"minecraft:iron_axe":54,"minecraft:oak_stairs":4,"minecraft:smooth_sandstone":2,"minecraft:diamond_chestplate":1,"minecraft:basalt":26,"minecraft:glowstone":11,"minecraft:beef":1,"tombstone:gift":24,"minecraft:cooked_beef":4,"minecraft:cobbled_deepslate":12,"minecraft:orange_terracotta":1,"minecraft:wheat_seeds":19,"minecraft:water_bucket":61,"aether:skyroot_sapling":1,"minecraft:cut_sandstone":1,"minecraft:white_dye":1,"minecraft:fletching_table":1,"minecraft:glow_ink_sac":1,"minecraft:cobblestone_slab":54,"minecraft:deepslate_bricks":92,"minecraft:crafting_table":9,"minecraft:birch_sign":2,"minecraft:white_bed":7,"minecraft:mud":1,"minecraft:diamond_pickaxe":2699,"minecraft:apple":1,"minecraft:diamond_shovel":472,"minecraft:iron_pickaxe":135,"aether:golden_gummy_swet":1,"tombstone:white_marble":1,"minecraft:stone_axe":16,"minecraft:cobblestone":661,"aether:golden_parachute":17,"aether:phoenix_bow":2,"minecraft:bucket":62,"minecraft:diamond_leggings":1},"minecraft:broken":{"minecraft:diamond_pickaxe":1},"minecraft:custom":{"minecraft:animals_bred":8,"minecraft:interact_with_crafting_table":67,"minecraft:leave_game":17,"minecraft:time_since_death":4948,"minecraft:sprint_one_cm":729685,"minecraft:damage_blocked_by_shield":120,"minecraft:drop":64,"minecraft:talked_to_villager":13,"minecraft:play_time":475560,"minecraft:deaths":5,"minecraft:jump":4003,"minecraft:walk_on_water_one_cm":46865,"minecraft:interact_with_furnace":31,"minecraft:sleep_in_bed":9,"minecraft:damage_dealt":8600,"minecraft:crouch_one_cm":452201,"tombstone:undead_killed":18,"minecraft:mob_kills":70,"minecraft:inspect_hopper":2,"minecraft:climb_one_cm":5367,"minecraft:walk_one_cm":462664,"minecraft:sneak_time":75909,"minecraft:walk_under_water_one_cm":84125,"minecraft:boat_one_cm":604512,"minecraft:total_world_time":475560,"tombstone:raider_killed":3,"minecraft:time_since_rest":4583,"minecraft:damage_taken":2831,"minecraft:swim_one_cm":155316,"minecraft:fly_one_cm":1442869,"minecraft:open_chest":216,"minecraft:fall_one_cm":102207},"minecraft:killed_by":{"minecraft:enderman":2},"minecraft:dropped":{"aether:golden_gummy_swet":1,"minecraft:emerald":1,"minecraft:mutton":3,"minecraft:cut_sandstone":1,"minecraft:sand":1,"minecraft:iron_pickaxe":1,"minecraft:sugar_cane":1,"tombstone:gift":7,"minecraft:rotten_flesh":5,"minecraft:oak_planks":1,"minecraft:carrot":1,"minecraft:jungle_log":1,"minecraft:acacia_sapling":9,"minecraft:bread":1,"minecraft:enchanted_book":2,"minecraft:wheat_seeds":4,"minecraft:feather":3,"minecraft:cobblestone":71,"minecraft:apple":3,"minecraft:stick":3,"origins:orb_of_origin":1,"minecraft:torch":4,"minecraft:melon_slice":54,"tombstone:grave_dust":3,"minecraft:string":4,"minecraft:lily_pad":2,"minecraft:moss_carpet":2,"minecraft:coarse_dirt":34,"minecraft:cocoa_beans":4,"aether:aether_grass_block":256,"minecraft:shears":1,"minecraft:bundle":4,"minecraft:diamond_pickaxe":1,"minecraft:oak_sapling":2,"minecraft:stone_pressure_plate":1,"minecraft:spider_eye":1},"minecraft:picked_up":{"minecraft:wheat":4,"minecraft:oak_stairs":4,"minecraft:enchanted_book":1,"aether:ambrosium_torch":8,"minecraft:brewing_stand":1,"minecraft:polished_deepslate":11,"minecraft:string":9,"minecraft:raw_copper":37,"aether:skyroot_stick":4,"minecraft:deepslate_tiles":7,"minecraft:cobbled_deepslate":379,"minecraft:cobblestone_slab":2,"minecraft:melon_slice":216,"aether:aether_grass_block":256,"minecraft:mangrove_log":56,"minecraft:furnace":2,"minecraft:stick":25,"minecraft:composter":1,"minecraft:torch":14,"minecraft:acacia_log":21,"tombstone:grave_dust":4,"minecraft:diorite":7,"minecraft:rotten_flesh":11,"minecraft:mangrove_roots":5,"minecraft:obsidian":14,"minecraft:cobblestone":2055,"minecraft:magma_block":4,"minecraft:feather":3,"minecraft:jungle_log":1,"minecraft:andesite":23,"minecraft:flint":1,"minecraft:tuff":32,"minecraft:lapis_lazuli":112,"minecraft:dirt":389,"minecraft:bone":5,"minecraft:wheat_seeds":24,"aether:holystone":2,"minecraft:raw_gold":11,"minecraft:bell":1,"minecraft:bamboo":1,"minecraft:glowstone_dust":53,"minecraft:fletching_table":1,"minecraft:oak_planks":2,"minecraft:sand":22,"minecraft:bundle":3,"minecraft:diamond":68,"aether:ambrosium_shard":15,"minecraft:granite":30,"minecraft:emerald":1,"minecraft:bread":1,"minecraft:oak_sapling":26,"minecraft:netherrack":9,"minecraft:dark_oak_fence":2,"minecraft:mud":1,"minecraft:coarse_dirt":82,"minecraft:cocoa_beans":4,"minecraft:crafting_table":8,"minecraft:chicken":7,"aether:aether_dirt":1,"minecraft:gold_block":2,"minecraft:stripped_mangrove_log":1,"minecraft:oak_trapdoor":2,"minecraft:moss_carpet":5,"minecraft:beef":12,"minecraft:oak_boat":8,"minecraft:lectern":1,"minecraft:chest":3,"minecraft:sugar_cane":108,"minecraft:egg":4,"minecraft:raw_iron":40,"minecraft:sandstone":86,"minecraft:carrot":21,"minecraft:redstone":186,"minecraft:stone_pressure_plate":1,"aether:skyroot_log":9,"minecraft:tnt":9,"minecraft:arrow":5,"minecraft:deepslate_bricks":24,"minecraft:hay_block":63,"minecraft:mutton":35,"minecraft:white_wool":20,"minecraft:basalt":48,"aether:skyroot_sapling":1,"minecraft:leather":6,"minecraft:cut_sandstone":2,"minecraft:lily_pad":5,"minecraft:oak_log":68,"minecraft:gunpowder":5,"minecraft:cobblestone_wall":6,"tombstone:gift":7,"minecraft:orange_terracotta":1,"minecraft:smooth_sandstone":2,"minecraft:apple":2,"minecraft:iron_ingot":14,"minecraft:acacia_sapling":12,"minecraft:book":24,"minecraft:gravel":13,"minecraft:white_bed":2,"minecraft:spider_eye":1,"minecraft:melon_seeds":2,"minecraft:mangrove_propagule":1,"minecraft:coal":61,"minecraft:hopper":1},"minecraft:crafted":{"minecraft:oak_planks":272,"minecraft:cobblestone_slab":450,"minecraft:stone":1,"aether:golden_gloves":1,"minecraft:diamond_shovel":2,"minecraft:bookshelf":8,"minecraft:hopper":4,"minecraft:diamond_helmet":1,"minecraft:diamond_leggings":1,"minecraft:polished_basalt":20,"minecraft:chest":16,"aether:diamond_gloves":1,"minecraft:diamond_axe":1,"minecraft:crafting_table":3,"minecraft:wooden_pickaxe":1,"minecraft:mangrove_trapdoor":70,"minecraft:book":2,"minecraft:paper":9,"minecraft:diamond_pickaxe":2,"minecraft:shield":1,"minecraft:stick":44,"minecraft:iron_ingot":26,"minecraft:iron_pickaxe":1,"minecraft:gold_ingot":11,"minecraft:deepslate_bricks":92,"minecraft:shears":1,"minecraft:furnace":1,"minecraft:oak_trapdoor":22,"minecraft:flint_and_steel":1,"minecraft:polished_diorite":4,"minecraft:polished_deepslate":300,"minecraft:iron_axe":1,"minecraft:stone_pickaxe":1,"minecraft:cobblestone_wall":192,"minecraft:diamond_boots":1,"aether:skyroot_planks":16,"minecraft:wheat":567,"minecraft:cooked_beef":4,"minecraft:diamond_sword":1,"minecraft:enchanting_table":1,"minecraft:iron_sword":1,"minecraft:mangrove_planks":216,"minecraft:bucket":1,"minecraft:stone_axe":1,"minecraft:deepslate_tiles":56,"minecraft:glowstone":13,"minecraft:bread":132,"minecraft:air":0,"minecraft:oak_boat":1,"minecraft:oak_stairs":12,"minecraft:white_bed":5,"minecraft:acacia_planks":80,"minecraft:torch":16,"minecraft:diamond_chestplate":1},"minecraft:mined":{"minecraft:stone_pressure_plate":1,"minecraft:white_bed":2,"minecraft:oak_sapling":6,"minecraft:brewing_stand":1,"minecraft:obsidian":14,"minecraft:granite":30,"minecraft:acacia_log":24,"minecraft:grass_block":197,"minecraft:jungle_log":1,"minecraft:deepslate_bricks":24,"minecraft:composter":1,"minecraft:hopper":1,"minecraft:magma_block":8,"minecraft:glowstone":16,"aether:ambrosium_torch":1,"minecraft:iron_ore":30,"minecraft:cobbled_deepslate":5,"minecraft:fire":2,"minecraft:moss_carpet":1,"minecraft:fletching_table":1,"minecraft:deepslate_lapis_ore":12,"minecraft:dirt_path":3,"minecraft:oak_stairs":4,"minecraft:deepslate_redstone_ore":26,"minecraft:cut_sandstone":1,"aether:holystone":2,"minecraft:melon_stem":1,"minecraft:orange_terracotta":1,"minecraft:torch":7,"minecraft:melon":35,"minecraft:chest":3,"minecraft:dead_bush":2,"minecraft:cobblestone":134,"minecraft:sugar_cane":51,"minecraft:oak_planks":1,"minecraft:wall_torch":1,"minecraft:seagrass":2,"minecraft:acacia_sapling":1,"minecraft:mud":1,"minecraft:wheat":8,"aether:aether_grass_block":1,"minecraft:tnt":9,"minecraft:grass":61,"minecraft:oak_log":68,"minecraft:sand":23,"minecraft:dirt":197,"minecraft:mangrove_log":58,"aether:ambrosium_ore":15,"minecraft:netherrack":9,"minecraft:oak_leaves":77,"minecraft:deepslate":374,"minecraft:deepslate_tiles":7,"minecraft:tuff":33,"minecraft:stripped_mangrove_log":1,"minecraft:deepslate_diamond_ore":68,"minecraft:mangrove_roots":6,"minecraft:dark_oak_fence":2,"minecraft:sandstone":86,"minecraft:hay_block":63,"minecraft:redstone_ore":15,"minecraft:oak_trapdoor":2,"minecraft:furnace":2,"minecraft:carrots":5,"minecraft:andesite":23,"minecraft:gold_block":2,"minecraft:bell":1,"aether:skyroot_log":9,"minecraft:polished_deepslate":11,"minecraft:bookshelf":8,"minecraft:cobblestone_slab":3,"minecraft:deepslate_iron_ore":10,"minecraft:vine":5,"minecraft:bamboo":1,"minecraft:stone":1874,"minecraft:acacia_leaves":4,"aether:ambrosium_wall_torch":2,"minecraft:basalt":49,"minecraft:smooth_sandstone":2,"minecraft:crafting_table":8,"minecraft:lectern":1,"minecraft:tall_grass":2,"minecraft:copper_ore":11,"minecraft:lapis_ore":5,"minecraft:deepslate_gold_ore":5,"minecraft:diorite":7,"aether:skyroot_leaves":2,"minecraft:cactus":1,"minecraft:coarse_dirt":84,"minecraft:cobblestone_wall":6,"minecraft:mangrove_leaves":18,"minecraft:coal_ore":36,"minecraft:cocoa":2,"minecraft:gravel":14,"minecraft:gold_ore":6,"minecraft:fern":10},"minecraft:killed":{"minecraft:spider":6,"minecraft:skeleton":5,"minecraft:chicken":8,"minecraft:zombie_villager":1,"minecraft:creeper":4,"minecraft:sheep":20,"minecraft:pillager":3,"minecraft:zombie":6,"minecraft:cow":7,"minecraft:drowned":2,"minecraft:husk":4}},"DataVersion":3120}