{"stats":{"minecraft:used":{"minecraft:oak_trapdoor":1,"aether:ambrosium_torch":9,"cfm:stripped_birch_chair":1,"minecraft:acacia_log":2,"minecraft:enchanting_table":1,"minecraft:polished_deepslate":106,"minecraft:flint_and_steel":1,"aether:aether_portal_frame":1,"minecraft:chest":12,"minecraft:shield":3,"minecraft:stone":1,"minecraft:iron_sword":38,"minecraft:torch":13,"minecraft:dirt":292,"minecraft:mutton":2,"minecraft:hopper":1,"minecraft:cobblestone_wall":92,"minecraft:carrot":9,"minecraft:diamond_helmet":1,"minecraft:acacia_sapling":1,"minecraft:oak_fence_gate":2,"minecraft:obsidian":10,"minecraft:polished_diorite":4,"minecraft:iron_hoe":59,"minecraft:bookshelf":8,"minecraft:oak_stairs":4,"minecraft:iron_axe":54,"minecraft:grass_block":81,"minecraft:glowstone":11,"minecraft:basalt":26,"minecraft:diamond_chestplate":1,"aether:lightning_sword":4,"minecraft:beef":1,"minecraft:oak_sapling":12,"minecraft:furnace":3,"tombstone:gift":24,"minecraft:egg":4,"minecraft:cooked_beef":4,"minecraft:cobbled_deepslate":3,"minecraft:orange_terracotta":1,"minecraft:wheat_seeds":9,"minecraft:water_bucket":59,"minecraft:diorite":1,"minecraft:diamond_boots":1,"minecraft:cow_spawn_egg":2,"aether:skyroot_sapling":1,"minecraft:stone_pickaxe":114,"minecraft:wooden_pickaxe":8,"minecraft:cut_sandstone":1,"minecraft:composter":1,"minecraft:white_dye":1,"minecraft:sugar_cane":19,"minecraft:diamond_axe":85,"minecraft:glow_ink_sac":1,"minecraft:deepslate_bricks":86,"minecraft:sand":70,"minecraft:crafting_table":8,"minecraft:white_bed":5,"minecraft:birch_sign":2,"minecraft:acacia_leaves":1,"minecraft:deepslate_tiles":66,"minecraft:diamond_pickaxe":1197,"minecraft:diamond_shovel":411,"minecraft:iron_pickaxe":135,"minecraft:melon_slice":45,"minecraft:bread":17,"tombstone:white_marble":1,"aether:golden_gummy_swet":1,"minecraft:lectern":1,"minecraft:gravel":8,"minecraft:stone_axe":16,"minecraft:diamond_sword":35,"tombstone:familiar_stone":1,"minecraft:cobblestone":348,"aether:golden_parachute":17,"aether:phoenix_bow":2,"minecraft:bucket":60,"minecraft:oak_boat":6,"minecraft:diamond_leggings":1,"minecraft:coarse_dirt":5},"minecraft:custom":{"minecraft:mob_kills":52,"minecraft:animals_bred":3,"minecraft:inspect_hopper":2,"minecraft:interact_with_crafting_table":50,"minecraft:leave_game":11,"minecraft:time_since_death":29750,"minecraft:climb_one_cm":2237,"minecraft:sprint_one_cm":566524,"minecraft:walk_one_cm":374738,"minecraft:damage_blocked_by_shield":120,"minecraft:drop":50,"minecraft:talked_to_villager":7,"minecraft:play_time":381846,"minecraft:sneak_time":49329,"minecraft:deaths":3,"minecraft:walk_under_water_one_cm":47965,"minecraft:boat_one_cm":554100,"minecraft:jump":2922,"minecraft:walk_on_water_one_cm":28706,"minecraft:total_world_time":381846,"minecraft:interact_with_furnace":29,"minecraft:sleep_in_bed":7,"minecraft:time_since_rest":7634,"minecraft:damage_taken":1806,"minecraft:damage_dealt":5376,"minecraft:swim_one_cm":40527,"minecraft:fly_one_cm":1245624,"minecraft:open_chest":142,"minecraft:crouch_one_cm":311118,"tombstone:undead_killed":10,"minecraft:fall_one_cm":70634},"minecraft:killed_by":{"minecraft:enderman":2},"minecraft:dropped":{"minecraft:enchanted_book":2,"minecraft:bread":1,"minecraft:wheat_seeds":3,"minecraft:feather":3,"minecraft:cobblestone":71,"minecraft:apple":3,"aether:golden_gummy_swet":1,"minecraft:stick":1,"minecraft:torch":4,"minecraft:melon_slice":54,"minecraft:cut_sandstone":1,"tombstone:grave_dust":2,"minecraft:sand":1,"minecraft:iron_pickaxe":1,"minecraft:lily_pad":2,"minecraft:sugar_cane":1,"minecraft:coarse_dirt":34,"minecraft:cocoa_beans":4,"aether:aether_grass_block":256,"tombstone:gift":7,"minecraft:rotten_flesh":5,"minecraft:oak_planks":1,"minecraft:shears":1,"minecraft:carrot":1,"minecraft:diamond_pickaxe":1,"minecraft:jungle_log":1,"minecraft:oak_sapling":2,"minecraft:acacia_sapling":9,"minecraft:stone_pressure_plate":1},"minecraft:picked_up":{"minecraft:crafting_table":7,"minecraft:cocoa_beans":4,"minecraft:coarse_dirt":78,"minecraft:wheat":1,"minecraft:chicken":7,"aether:aether_dirt":1,"minecraft:oak_stairs":4,"minecraft:enchanted_book":1,"aether:ambrosium_torch":8,"minecraft:brewing_stand":1,"minecraft:polished_deepslate":6,"minecraft:oak_trapdoor":1,"minecraft:string":2,"minecraft:raw_copper":25,"aether:skyroot_stick":4,"minecraft:deepslate_tiles":6,"minecraft:cobbled_deepslate":233,"minecraft:beef":12,"minecraft:oak_boat":6,"minecraft:lectern":1,"minecraft:sugar_cane":89,"minecraft:melon_slice":216,"aether:aether_grass_block":256,"minecraft:chest":3,"minecraft:furnace":2,"minecraft:egg":4,"minecraft:stick":23,"minecraft:raw_iron":40,"minecraft:sandstone":16,"minecraft:composter":1,"minecraft:torch":10,"minecraft:acacia_log":21,"tombstone:grave_dust":3,"minecraft:diorite":7,"minecraft:carrot":10,"minecraft:stone_pressure_plate":1,"minecraft:tnt":9,"aether:skyroot_log":9,"minecraft:arrow":3,"minecraft:rotten_flesh":8,"minecraft:deepslate_bricks":21,"minecraft:hay_block":63,"minecraft:obsidian":14,"minecraft:mutton":28,"minecraft:white_wool":17,"minecraft:cobblestone":910,"minecraft:feather":3,"minecraft:basalt":48,"aether:skyroot_sapling":1,"minecraft:andesite":8,"minecraft:jungle_log":1,"minecraft:cut_sandstone":2,"minecraft:leather":6,"minecraft:oak_log":54,"minecraft:flint":1,"minecraft:tuff":24,"minecraft:lily_pad":2,"minecraft:cobblestone_wall":6,"minecraft:gunpowder":5,"minecraft:lapis_lazuli":112,"minecraft:dirt":348,"tombstone:gift":7,"minecraft:orange_terracotta":1,"minecraft:bone":2,"minecraft:apple":1,"minecraft:wheat_seeds":13,"aether:holystone":2,"minecraft:raw_gold":11,"minecraft:iron_ingot":14,"minecraft:fletching_table":1,"minecraft:glowstone_dust":53,"minecraft:bamboo":1,"minecraft:oak_planks":1,"minecraft:acacia_sapling":12,"minecraft:book":24,"minecraft:gravel":11,"minecraft:sand":8,"minecraft:white_bed":1,"minecraft:diamond":43,"aether:ambrosium_shard":15,"minecraft:granite":20,"minecraft:bread":1,"minecraft:oak_sapling":24,"minecraft:melon_seeds":2,"minecraft:coal":60,"minecraft:hopper":1},"minecraft:crafted":{"minecraft:oak_planks":148,"minecraft:furnace":1,"minecraft:stone":1,"aether:golden_gloves":1,"minecraft:diamond_shovel":2,"minecraft:oak_trapdoor":2,"minecraft:bookshelf":8,"minecraft:flint_and_steel":1,"minecraft:hopper":1,"minecraft:diamond_helmet":1,"minecraft:diamond_leggings":1,"minecraft:polished_diorite":4,"minecraft:polished_deepslate":228,"minecraft:iron_axe":1,"minecraft:stone_pickaxe":1,"minecraft:cobblestone_wall":192,"minecraft:polished_basalt":20,"minecraft:chest":9,"minecraft:diamond_boots":1,"aether:diamond_gloves":1,"aether:skyroot_planks":16,"minecraft:wheat":567,"minecraft:cooked_beef":4,"minecraft:diamond_sword":1,"minecraft:diamond_axe":1,"minecraft:crafting_table":2,"minecraft:enchanting_table":1,"minecraft:wooden_pickaxe":1,"minecraft:iron_sword":1,"minecraft:bucket":1,"minecraft:deepslate_tiles":56,"minecraft:stone_axe":1,"minecraft:glowstone":13,"minecraft:bread":132,"minecraft:air":0,"minecraft:oak_boat":1,"minecraft:book":2,"minecraft:paper":9,"minecraft:diamond_pickaxe":1,"minecraft:shield":1,"minecraft:stick":44,"minecraft:iron_ingot":26,"minecraft:iron_pickaxe":1,"minecraft:oak_stairs":12,"minecraft:gold_ingot":11,"minecraft:white_bed":4,"minecraft:acacia_planks":80,"minecraft:torch":16,"minecraft:deepslate_bricks":92,"minecraft:shears":1,"minecraft:diamond_chestplate":1},"minecraft:mined":{"minecraft:deepslate_tiles":6,"minecraft:tuff":25,"minecraft:stone_pressure_plate":1,"minecraft:white_bed":1,"minecraft:oak_sapling":5,"minecraft:deepslate_diamond_ore":43,"minecraft:brewing_stand":1,"minecraft:obsidian":14,"minecraft:granite":20,"minecraft:acacia_log":24,"minecraft:grass_block":179,"minecraft:jungle_log":1,"minecraft:deepslate_bricks":21,"minecraft:composter":1,"minecraft:sandstone":16,"minecraft:hopper":1,"minecraft:hay_block":63,"minecraft:magma_block":3,"minecraft:oak_trapdoor":1,"aether:ambrosium_torch":1,"minecraft:glowstone":16,"minecraft:furnace":2,"minecraft:carrots":2,"minecraft:cobbled_deepslate":2,"minecraft:iron_ore":30,"minecraft:andesite":8,"minecraft:deepslate_lapis_ore":12,"minecraft:fletching_table":1,"minecraft:bookshelf":8,"minecraft:polished_deepslate":6,"aether:skyroot_log":9,"minecraft:dirt_path":3,"minecraft:vine":2,"minecraft:deepslate_iron_ore":10,"minecraft:oak_stairs":4,"minecraft:bamboo":1,"minecraft:stone":744,"minecraft:cut_sandstone":1,"minecraft:acacia_leaves":4,"aether:holystone":2,"minecraft:orange_terracotta":1,"minecraft:melon_stem":1,"aether:ambrosium_wall_torch":2,"minecraft:basalt":49,"minecraft:crafting_table":7,"minecraft:torch":3,"minecraft:melon":35,"minecraft:chest":3,"minecraft:dead_bush":2,"minecraft:lectern":1,"minecraft:copper_ore":8,"minecraft:tall_grass":1,"minecraft:cobblestone":115,"minecraft:sugar_cane":40,"minecraft:deepslate_gold_ore":5,"minecraft:lapis_ore":5,"minecraft:diorite":7,"minecraft:wall_torch":1,"minecraft:seagrass":2,"aether:skyroot_leaves":2,"minecraft:cactus":1,"minecraft:coarse_dirt":79,"minecraft:acacia_sapling":1,"minecraft:cobblestone_wall":6,"minecraft:wheat":4,"aether:aether_grass_block":1,"minecraft:tnt":9,"minecraft:grass":54,"minecraft:oak_log":54,"minecraft:coal_ore":35,"minecraft:cocoa":2,"minecraft:gravel":12,"minecraft:sand":7,"minecraft:dirt":174,"aether:ambrosium_ore":15,"minecraft:gold_ore":6,"minecraft:oak_leaves":74,"minecraft:deepslate":231,"minecraft:fern":9},"minecraft:killed":{"minecraft:spider":2,"minecraft:skeleton":3,"minecraft:chicken":8,"minecraft:drowned":2,"minecraft:husk":1,"minecraft:creeper":4,"minecraft:sheep":17,"minecraft:zombie":4,"minecraft:cow":7}},"DataVersion":3120}