{"stats":{"minecraft:dropped":{"minecraft:enchanted_book":1,"minecraft:wheat_seeds":3,"minecraft:feather":3,"minecraft:cobblestone":71,"minecraft:apple":1,"aether:golden_gummy_swet":1,"minecraft:stick":1,"minecraft:torch":4,"minecraft:melon_slice":54,"tombstone:grave_dust":2,"minecraft:sand":1,"minecraft:lily_pad":2,"minecraft:sugar_cane":1,"minecraft:coarse_dirt":34,"minecraft:cocoa_beans":4,"aether:aether_grass_block":256,"tombstone:gift":7,"minecraft:rotten_flesh":5,"minecraft:oak_planks":1,"minecraft:carrot":1,"minecraft:shears":1,"minecraft:jungle_log":1,"minecraft:oak_sapling":2,"minecraft:acacia_sapling":9},"minecraft:custom":{"minecraft:mob_kills":49,"minecraft:interact_with_crafting_table":28,"minecraft:leave_game":9,"minecraft:time_since_death":167108,"minecraft:climb_one_cm":2237,"minecraft:sprint_one_cm":364495,"minecraft:walk_one_cm":211317,"minecraft:damage_blocked_by_shield":120,"minecraft:drop":43,"minecraft:talked_to_villager":2,"minecraft:play_time":255109,"minecraft:sneak_time":31596,"minecraft:deaths":2,"minecraft:walk_under_water_one_cm":25126,"minecraft:boat_one_cm":411679,"minecraft:jump":1899,"minecraft:walk_on_water_one_cm":19547,"minecraft:total_world_time":255109,"minecraft:interact_with_furnace":12,"minecraft:sleep_in_bed":4,"minecraft:time_since_rest":4565,"minecraft:damage_taken":1202,"minecraft:damage_dealt":4860,"minecraft:swim_one_cm":22492,"minecraft:fly_one_cm":1012817,"minecraft:open_chest":47,"minecraft:crouch_one_cm":193920,"tombstone:undead_killed":8,"minecraft:fall_one_cm":42093},"minecraft:used":{"cfm:stripped_birch_chair":1,"minecraft:enchanting_table":1,"minecraft:acacia_log":2,"minecraft:polished_deepslate":81,"minecraft:flint_and_steel":1,"aether:aether_portal_frame":1,"minecraft:chest":12,"minecraft:shield":3,"minecraft:iron_sword":38,"minecraft:torch":13,"minecraft:dirt":153,"minecraft:mutton":2,"minecraft:diamond_helmet":1,"minecraft:acacia_sapling":1,"minecraft:obsidian":10,"minecraft:iron_axe":54,"minecraft:grass_block":81,"aether:lightning_sword":4,"minecraft:glowstone":1,"minecraft:diamond_chestplate":1,"minecraft:basalt":26,"minecraft:beef":1,"minecraft:oak_sapling":11,"minecraft:furnace":2,"tombstone:gift":22,"minecraft:egg":4,"minecraft:cooked_beef":4,"minecraft:water_bucket":45,"minecraft:diorite":1,"minecraft:diamond_boots":1,"minecraft:stone_pickaxe":114,"minecraft:wooden_pickaxe":8,"minecraft:white_dye":1,"minecraft:sugar_cane":6,"minecraft:diamond_axe":59,"minecraft:glow_ink_sac":1,"minecraft:sand":69,"minecraft:crafting_table":8,"minecraft:birch_sign":2,"minecraft:white_bed":2,"minecraft:acacia_leaves":1,"minecraft:diamond_pickaxe":777,"minecraft:diamond_shovel":184,"minecraft:bread":3,"minecraft:melon_slice":45,"minecraft:iron_pickaxe":135,"aether:golden_gummy_swet":1,"tombstone:white_marble":1,"minecraft:gravel":8,"minecraft:stone_axe":16,"minecraft:diamond_sword":27,"tombstone:familiar_stone":1,"minecraft:cobblestone":236,"aether:golden_parachute":11,"aether:phoenix_bow":2,"minecraft:bucket":46,"minecraft:oak_boat":5,"minecraft:coarse_dirt":2,"minecraft:diamond_leggings":1},"minecraft:killed_by":{"minecraft:enderman":2},"minecraft:picked_up":{"minecraft:cocoa_beans":4,"minecraft:crafting_table":7,"minecraft:coarse_dirt":36,"minecraft:chicken":7,"minecraft:enchanted_book":1,"minecraft:brewing_stand":1,"minecraft:polished_deepslate":2,"minecraft:string":2,"minecraft:raw_copper":25,"minecraft:cobbled_deepslate":231,"minecraft:beef":12,"minecraft:oak_boat":5,"minecraft:lectern":1,"minecraft:chest":3,"minecraft:sugar_cane":49,"minecraft:melon_slice":216,"aether:aether_grass_block":256,"minecraft:furnace":2,"minecraft:egg":4,"minecraft:stick":20,"minecraft:raw_iron":40,"minecraft:sandstone":16,"minecraft:torch":9,"minecraft:acacia_log":21,"tombstone:grave_dust":3,"minecraft:diorite":7,"minecraft:carrot":2,"minecraft:rotten_flesh":5,"minecraft:arrow":3,"minecraft:hay_block":52,"minecraft:obsidian":14,"minecraft:mutton":28,"minecraft:white_wool":17,"minecraft:cobblestone":557,"minecraft:feather":3,"minecraft:basalt":48,"minecraft:andesite":8,"minecraft:jungle_log":1,"minecraft:leather":6,"minecraft:lily_pad":2,"minecraft:flint":1,"minecraft:oak_log":43,"minecraft:tuff":24,"minecraft:gunpowder":4,"minecraft:lapis_lazuli":112,"minecraft:dirt":157,"tombstone:gift":7,"minecraft:bone":2,"minecraft:apple":1,"minecraft:wheat_seeds":8,"minecraft:raw_gold":11,"minecraft:iron_ingot":14,"minecraft:glowstone_dust":53,"minecraft:fletching_table":1,"minecraft:bamboo":1,"minecraft:acacia_sapling":12,"minecraft:oak_planks":1,"minecraft:book":24,"minecraft:gravel":11,"minecraft:sand":7,"minecraft:white_bed":1,"minecraft:diamond":43,"minecraft:granite":20,"minecraft:oak_sapling":18,"minecraft:coal":60},"minecraft:killed":{"minecraft:spider":2,"minecraft:skeleton":3,"minecraft:chicken":8,"minecraft:husk":1,"minecraft:creeper":3,"minecraft:sheep":17,"minecraft:zombie":4,"minecraft:cow":7},"minecraft:crafted":{"minecraft:oak_planks":60,"minecraft:furnace":1,"minecraft:diamond_shovel":2,"minecraft:flint_and_steel":1,"minecraft:diamond_helmet":1,"minecraft:diamond_leggings":1,"minecraft:polished_deepslate":128,"minecraft:iron_axe":1,"minecraft:stone_pickaxe":1,"minecraft:polished_basalt":20,"minecraft:chest":8,"minecraft:diamond_boots":1,"minecraft:wheat":396,"minecraft:cooked_beef":4,"minecraft:diamond_sword":1,"minecraft:diamond_axe":1,"minecraft:crafting_table":2,"minecraft:enchanting_table":1,"minecraft:wooden_pickaxe":1,"minecraft:iron_sword":1,"minecraft:bucket":1,"minecraft:glowstone":13,"minecraft:stone_axe":1,"minecraft:bread":132,"minecraft:air":0,"minecraft:oak_boat":1,"minecraft:paper":3,"minecraft:diamond_pickaxe":1,"minecraft:shield":1,"minecraft:stick":44,"minecraft:iron_ingot":11,"minecraft:iron_pickaxe":1,"minecraft:white_bed":1,"minecraft:acacia_planks":80,"minecraft:torch":16,"minecraft:shears":1,"minecraft:diamond_chestplate":1},"minecraft:mined":{"minecraft:tuff":25,"minecraft:white_bed":1,"minecraft:oak_sapling":5,"minecraft:deepslate_diamond_ore":43,"minecraft:brewing_stand":1,"minecraft:obsidian":14,"minecraft:granite":20,"minecraft:acacia_log":24,"minecraft:grass_block":39,"minecraft:jungle_log":1,"minecraft:sandstone":16,"minecraft:hay_block":52,"minecraft:magma_block":3,"minecraft:glowstone":16,"minecraft:furnace":2,"minecraft:iron_ore":30,"minecraft:andesite":8,"minecraft:fletching_table":1,"minecraft:deepslate_lapis_ore":12,"minecraft:bookshelf":8,"minecraft:polished_deepslate":2,"minecraft:deepslate_iron_ore":10,"minecraft:vine":2,"minecraft:dirt_path":1,"minecraft:bamboo":1,"minecraft:stone":493,"minecraft:acacia_leaves":4,"minecraft:basalt":49,"minecraft:crafting_table":7,"minecraft:torch":3,"minecraft:melon":35,"minecraft:chest":3,"minecraft:dead_bush":2,"minecraft:lectern":1,"minecraft:tall_grass":1,"minecraft:copper_ore":8,"minecraft:cobblestone":7,"minecraft:lapis_ore":5,"minecraft:deepslate_gold_ore":5,"minecraft:sugar_cane":16,"minecraft:diorite":7,"minecraft:wall_torch":1,"minecraft:seagrass":2,"minecraft:coarse_dirt":35,"minecraft:acacia_sapling":1,"minecraft:grass":51,"minecraft:oak_log":43,"minecraft:coal_ore":35,"minecraft:cocoa":2,"minecraft:gravel":12,"minecraft:sand":6,"minecraft:dirt":120,"minecraft:gold_ore":6,"minecraft:oak_leaves":73,"minecraft:deepslate":231,"minecraft:fern":9}},"DataVersion":3120}