{"stats":{"minecraft:used":{"cfm:stripped_birch_chair":1,"tombstone:familiar_stone":1,"minecraft:sand":2,"minecraft:acacia_log":1,"aether:golden_parachute":11,"aether:phoenix_bow":2,"minecraft:birch_sign":2,"tombstone:gift":20,"aether:aether_portal_frame":1,"tombstone:white_marble":1,"minecraft:white_dye":1,"minecraft:glow_ink_sac":1},"minecraft:custom":{"minecraft:time_since_rest":54488,"minecraft:open_chest":2,"minecraft:crouch_one_cm":547,"minecraft:play_time":64936,"minecraft:sprint_one_cm":6083,"minecraft:damage_taken":280,"minecraft:deaths":1,"minecraft:walk_one_cm":15577,"minecraft:sneak_time":446,"minecraft:mob_kills":3,"minecraft:drop":7,"minecraft:jump":75,"minecraft:damage_dealt":200,"minecraft:leave_game":2,"minecraft:time_since_death":55079,"minecraft:total_world_time":64936,"minecraft:fall_one_cm":209,"minecraft:fly_one_cm":97770},"minecraft:dropped":{"tombstone:gift":7},"minecraft:killed_by":{"minecraft:enderman":1},"minecraft:picked_up":{"tombstone:gift":7,"minecraft:acacia_log":1,"minecraft:enchanted_book":1,"minecraft:sand":2,"tombstone:grave_dust":1,"minecraft:gunpowder":2,"minecraft:chest":1},"minecraft:mined":{"minecraft:acacia_log":1,"minecraft:chest":1,"minecraft:sand":1},"minecraft:killed":{"minecraft:creeper":1}},"DataVersion":3120}