{"stats":{"minecraft:dropped":{"minecraft:enchanted_book":1,"minecraft:feather":3,"minecraft:cobblestone":71,"minecraft:apple":1,"aether:golden_gummy_swet":1,"minecraft:stick":1,"minecraft:torch":4,"minecraft:melon_slice":54,"tombstone:grave_dust":2,"minecraft:sand":1,"minecraft:lily_pad":2,"minecraft:coarse_dirt":1,"aether:aether_grass_block":256,"tombstone:gift":7,"minecraft:rotten_flesh":5,"minecraft:oak_planks":1,"minecraft:shears":1,"minecraft:carrot":1,"minecraft:jungle_log":1,"minecraft:oak_sapling":2,"minecraft:acacia_sapling":9},"minecraft:custom":{"minecraft:mob_kills":42,"minecraft:interact_with_crafting_table":23,"minecraft:leave_game":8,"minecraft:time_since_death":131613,"minecraft:climb_one_cm":2135,"minecraft:sprint_one_cm":270994,"minecraft:walk_one_cm":154995,"minecraft:damage_blocked_by_shield":120,"minecraft:drop":39,"minecraft:play_time":219614,"minecraft:deaths":2,"minecraft:sneak_time":23190,"minecraft:walk_under_water_one_cm":25126,"minecraft:boat_one_cm":344989,"minecraft:jump":1515,"minecraft:walk_on_water_one_cm":18608,"minecraft:total_world_time":219614,"minecraft:interact_with_furnace":12,"minecraft:sleep_in_bed":3,"minecraft:time_since_rest":2847,"minecraft:damage_taken":1057,"minecraft:damage_dealt":4220,"minecraft:swim_one_cm":22492,"minecraft:fly_one_cm":938688,"minecraft:open_chest":24,"minecraft:crouch_one_cm":130195,"tombstone:undead_killed":8,"minecraft:fall_one_cm":32636},"minecraft:used":{"cfm:stripped_birch_chair":1,"minecraft:acacia_log":2,"minecraft:polished_deepslate":2,"minecraft:flint_and_steel":1,"aether:aether_portal_frame":1,"minecraft:chest":12,"minecraft:shield":3,"minecraft:iron_sword":38,"minecraft:torch":12,"minecraft:dirt":15,"minecraft:mutton":2,"minecraft:diamond_helmet":1,"minecraft:acacia_sapling":1,"minecraft:obsidian":10,"minecraft:iron_axe":54,"minecraft:grass_block":81,"aether:lightning_sword":4,"minecraft:diamond_chestplate":1,"minecraft:beef":1,"minecraft:oak_sapling":10,"minecraft:furnace":2,"tombstone:gift":22,"minecraft:egg":4,"minecraft:cooked_beef":4,"minecraft:water_bucket":45,"minecraft:diorite":1,"minecraft:diamond_boots":1,"minecraft:stone_pickaxe":114,"minecraft:wooden_pickaxe":8,"minecraft:white_dye":1,"minecraft:sugar_cane":6,"minecraft:diamond_axe":12,"minecraft:glow_ink_sac":1,"minecraft:sand":69,"minecraft:crafting_table":7,"minecraft:birch_sign":2,"minecraft:acacia_leaves":1,"minecraft:white_bed":1,"minecraft:diamond_pickaxe":527,"minecraft:diamond_shovel":142,"minecraft:melon_slice":34,"minecraft:iron_pickaxe":135,"aether:golden_gummy_swet":1,"tombstone:white_marble":1,"minecraft:gravel":8,"minecraft:stone_axe":16,"minecraft:diamond_sword":15,"tombstone:familiar_stone":1,"minecraft:cobblestone":104,"aether:golden_parachute":11,"aether:phoenix_bow":2,"minecraft:bucket":46,"minecraft:oak_boat":4,"minecraft:coarse_dirt":2,"minecraft:diamond_leggings":1},"minecraft:killed_by":{"minecraft:enderman":2},"minecraft:picked_up":{"minecraft:crafting_table":6,"minecraft:coarse_dirt":36,"minecraft:chicken":7,"minecraft:enchanted_book":1,"minecraft:string":2,"minecraft:raw_copper":19,"minecraft:cobbled_deepslate":231,"minecraft:beef":5,"minecraft:oak_boat":4,"minecraft:chest":3,"minecraft:sugar_cane":49,"minecraft:melon_slice":115,"aether:aether_grass_block":256,"minecraft:furnace":2,"minecraft:egg":4,"minecraft:stick":17,"minecraft:raw_iron":40,"minecraft:sandstone":16,"minecraft:torch":7,"minecraft:acacia_log":21,"tombstone:grave_dust":3,"minecraft:diorite":7,"minecraft:carrot":2,"minecraft:rotten_flesh":5,"minecraft:arrow":3,"minecraft:hay_block":44,"minecraft:obsidian":14,"minecraft:mutton":23,"minecraft:white_wool":14,"minecraft:cobblestone":374,"minecraft:feather":3,"minecraft:andesite":8,"minecraft:jungle_log":1,"minecraft:leather":3,"minecraft:flint":1,"minecraft:oak_log":30,"minecraft:tuff":24,"minecraft:lily_pad":2,"minecraft:gunpowder":4,"minecraft:lapis_lazuli":112,"minecraft:dirt":110,"tombstone:gift":7,"minecraft:bone":2,"minecraft:apple":1,"minecraft:wheat_seeds":5,"minecraft:raw_gold":11,"minecraft:iron_ingot":14,"minecraft:bamboo":1,"minecraft:fletching_table":1,"minecraft:acacia_sapling":12,"minecraft:oak_planks":1,"minecraft:gravel":11,"minecraft:sand":7,"minecraft:diamond":43,"minecraft:granite":20,"minecraft:oak_sapling":12,"minecraft:coal":60},"minecraft:killed":{"minecraft:spider":2,"minecraft:skeleton":3,"minecraft:chicken":8,"minecraft:husk":1,"minecraft:creeper":3,"minecraft:sheep":14,"minecraft:zombie":4,"minecraft:cow":3},"minecraft:crafted":{"minecraft:oak_planks":44,"minecraft:furnace":1,"minecraft:diamond_shovel":2,"minecraft:flint_and_steel":1,"minecraft:diamond_helmet":1,"minecraft:diamond_leggings":1,"minecraft:polished_deepslate":64,"minecraft:iron_axe":1,"minecraft:stone_pickaxe":1,"minecraft:chest":8,"minecraft:diamond_boots":1,"minecraft:cooked_beef":4,"minecraft:diamond_sword":1,"minecraft:diamond_axe":1,"minecraft:crafting_table":1,"minecraft:wooden_pickaxe":1,"minecraft:iron_sword":1,"minecraft:bucket":1,"minecraft:stone_axe":1,"minecraft:air":0,"minecraft:oak_boat":1,"minecraft:diamond_pickaxe":1,"minecraft:shield":1,"minecraft:stick":44,"minecraft:iron_ingot":11,"minecraft:iron_pickaxe":1,"minecraft:white_bed":1,"minecraft:acacia_planks":80,"minecraft:torch":16,"minecraft:shears":1,"minecraft:diamond_chestplate":1},"minecraft:mined":{"minecraft:tuff":25,"minecraft:oak_sapling":5,"minecraft:deepslate_diamond_ore":43,"minecraft:obsidian":14,"minecraft:granite":20,"minecraft:acacia_log":24,"minecraft:grass_block":27,"minecraft:jungle_log":1,"minecraft:sandstone":16,"minecraft:hay_block":44,"minecraft:furnace":2,"minecraft:iron_ore":30,"minecraft:andesite":8,"minecraft:fletching_table":1,"minecraft:deepslate_lapis_ore":12,"minecraft:vine":2,"minecraft:deepslate_iron_ore":10,"minecraft:dirt_path":1,"minecraft:bamboo":1,"minecraft:stone":307,"minecraft:acacia_leaves":4,"minecraft:crafting_table":6,"minecraft:torch":2,"minecraft:melon":15,"minecraft:chest":3,"minecraft:dead_bush":2,"minecraft:tall_grass":1,"minecraft:copper_ore":6,"minecraft:lapis_ore":5,"minecraft:deepslate_gold_ore":5,"minecraft:sugar_cane":16,"minecraft:diorite":7,"minecraft:wall_torch":1,"minecraft:seagrass":2,"minecraft:coarse_dirt":35,"minecraft:acacia_sapling":1,"minecraft:grass":38,"minecraft:oak_log":30,"minecraft:coal_ore":35,"minecraft:gravel":12,"minecraft:sand":6,"minecraft:dirt":85,"minecraft:gold_ore":6,"minecraft:oak_leaves":70,"minecraft:deepslate":231,"minecraft:fern":7}},"DataVersion":3120}