{"stats":{"minecraft:used":{"aether:ambrosium_torch":9,"advancednetherite:netherite_diamond_sword":8,"minecraft:moss_carpet":3,"minecraft:polished_deepslate":192,"minecraft:ladder":3,"aether:aether_portal_frame":1,"minecraft:chest":20,"minecraft:shield":3,"minecraft:stone":73,"minecraft:iron_sword":38,"minecraft:zombie_spawn_egg":11,"minecraft:mutton":3,"minecraft:nether_bricks":22,"minecraft:carrot":83,"minecraft:acacia_sapling":1,"minecraft:obsidian":12,"minecraft:glass":147,"minecraft:lava_bucket":3,"minecraft:mangrove_log":3,"minecraft:villager_spawn_egg":29,"minecraft:lantern":13,"minecraft:grass_block":81,"aether:lightning_sword":4,"aether:white_apple":4,"minecraft:magma_block":3,"minecraft:bow":6,"minecraft:scaffolding":315,"minecraft:mangrove_roots":5,"minecraft:oak_sapling":17,"minecraft:furnace":3,"minecraft:egg":4,"minecraft:diorite":1,"minecraft:diamond_boots":1,"minecraft:cow_spawn_egg":20,"minecraft:stone_pickaxe":114,"minecraft:oak_planks":5,"minecraft:wooden_pickaxe":8,"minecraft:sandstone":82,"minecraft:composter":1,"minecraft:diamond_axe":390,"minecraft:sugar_cane":47,"minecraft:sand":115,"minecraft:acacia_leaves":1,"minecraft:deepslate_tiles":67,"minecraft:redstone_torch":14,"minecraft:lever":20,"minecraft:melon_slice":45,"minecraft:bread":79,"minecraft:lectern":15,"tombstone:grave_key":1,"minecraft:iron_door":2,"minecraft:gravel":8,"minecraft:diamond_sword":291,"tombstone:familiar_stone":1,"minecraft:dark_oak_fence":2,"minecraft:grindstone":3,"minecraft:smithing_table":1,"minecraft:andesite":1,"minecraft:piglin_spawn_egg":1,"minecraft:oak_boat":10,"minecraft:coarse_dirt":12,"minecraft:bone_meal":14,"minecraft:oak_trapdoor":44,"minecraft:netherite_sword":4,"cfm:stripped_birch_chair":1,"minecraft:enchanting_table":5,"minecraft:acacia_log":2,"minecraft:flint_and_steel":1,"minecraft:redstone":15,"minecraft:wither_skeleton_spawn_egg":1,"minecraft:netherrack":739,"minecraft:torch":56,"minecraft:dirt":301,"minecraft:anvil":3,"minecraft:wheat":6,"minecraft:white_carpet":356,"minecraft:hopper":9,"minecraft:cobblestone_wall":153,"minecraft:diamond_helmet":1,"minecraft:oak_fence_gate":2,"minecraft:polished_diorite":4,"minecraft:iron_hoe":59,"minecraft:dark_oak_planks":288,"minecraft:bookshelf":193,"minecraft:iron_axe":54,"minecraft:oak_stairs":4,"minecraft:spruce_button":6,"minecraft:smooth_sandstone":2,"minecraft:diamond_chestplate":1,"minecraft:glowstone":11,"minecraft:basalt":71,"minecraft:beef":1,"tombstone:gift":30,"minecraft:cooked_beef":4,"minecraft:cobbled_deepslate":12,"minecraft:orange_terracotta":1,"minecraft:wheat_seeds":109,"minecraft:water_bucket":171,"aether:skyroot_sapling":1,"minecraft:cut_sandstone":1,"minecraft:spruce_sign":10,"minecraft:white_dye":9,"minecraft:fletching_table":2,"minecraft:glow_ink_sac":9,"minecraft:cobblestone_slab":140,"minecraft:deepslate_bricks":96,"minecraft:mangrove_trapdoor":76,"minecraft:crafting_table":9,"minecraft:birch_sign":2,"minecraft:white_bed":7,"minecraft:campfire":4,"tombstone:bag_of_seeds":2,"minecraft:mud":1,"minecraft:piston":14,"minecraft:diamond_pickaxe":4152,"minecraft:apple":1,"minecraft:diamond_shovel":561,"minecraft:oak_button":1,"minecraft:iron_pickaxe":135,"aether:golden_gummy_swet":1,"tombstone:white_marble":1,"minecraft:spruce_trapdoor":31,"minecraft:spruce_sapling":8,"minecraft:stone_axe":16,"minecraft:cobblestone":2245,"aether:golden_parachute":17,"aether:phoenix_bow":2,"minecraft:bucket":175,"minecraft:wither_rose":349,"minecraft:diamond_leggings":1,"minecraft:splash_potion":4},"minecraft:crafted":{"minecraft:oak_planks":300,"minecraft:cobblestone_slab":450,"minecraft:stone":4,"aether:golden_gloves":1,"minecraft:diamond_shovel":2,"minecraft:bookshelf":13,"minecraft:hopper":4,"minecraft:diamond_helmet":1,"minecraft:diamond_leggings":1,"minecraft:polished_basalt":20,"minecraft:chest":16,"aether:diamond_gloves":1,"minecraft:emerald":23,"minecraft:diamond_axe":1,"minecraft:crafting_table":3,"minecraft:spruce_planks":420,"minecraft:wooden_pickaxe":1,"minecraft:mangrove_trapdoor":70,"minecraft:campfire":4,"aether:skyroot_slab":12,"minecraft:spruce_trapdoor":36,"minecraft:book":6,"minecraft:paper":51,"minecraft:diamond_pickaxe":2,"minecraft:shield":1,"minecraft:stick":692,"minecraft:iron_ingot":26,"minecraft:iron_pickaxe":1,"minecraft:gold_ingot":11,"minecraft:deepslate_bricks":92,"minecraft:shears":1,"minecraft:furnace":1,"minecraft:oak_trapdoor":22,"minecraft:flint_and_steel":1,"minecraft:polished_diorite":4,"minecraft:polished_deepslate":300,"minecraft:iron_axe":1,"minecraft:stone_pickaxe":1,"minecraft:cobblestone_wall":192,"minecraft:diamond_boots":1,"aether:skyroot_planks":16,"minecraft:wheat":567,"minecraft:cooked_beef":4,"minecraft:diamond_sword":1,"minecraft:enchanting_table":1,"minecraft:iron_sword":1,"minecraft:mangrove_planks":216,"minecraft:bucket":1,"minecraft:stone_axe":1,"minecraft:deepslate_tiles":56,"minecraft:glowstone":13,"minecraft:bread":159,"minecraft:air":0,"minecraft:oak_boat":1,"minecraft:oak_stairs":12,"minecraft:white_bed":5,"aether:skyroot_bookshelf":1,"minecraft:acacia_planks":80,"minecraft:torch":36,"minecraft:diamond_chestplate":1},"minecraft:picked_up":{"minecraft:wheat":38,"minecraft:oak_stairs":4,"minecraft:wither_rose":13,"minecraft:enchanted_book":1,"aether:ambrosium_torch":8,"minecraft:brewing_stand":1,"minecraft:polished_deepslate":11,"minecraft:string":11,"minecraft:raw_copper":37,"aether:skyroot_stick":4,"minecraft:deepslate_tiles":7,"minecraft:cobbled_deepslate":379,"minecraft:gold_nugget":2,"minecraft:cobblestone_slab":34,"minecraft:melon_slice":216,"aether:aether_grass_block":256,"minecraft:mangrove_log":65,"minecraft:furnace":2,"minecraft:stick":31,"minecraft:composter":1,"minecraft:torch":16,"minecraft:acacia_log":21,"tombstone:grave_dust":12,"minecraft:diorite":7,"minecraft:rotten_flesh":28,"minecraft:mangrove_roots":5,"minecraft:blaze_rod":2,"minecraft:obsidian":16,"minecraft:cobblestone":2760,"minecraft:magma_block":4,"minecraft:feather":3,"minecraft:andesite":23,"minecraft:jungle_log":1,"minecraft:flint":1,"minecraft:tuff":32,"minecraft:lapis_lazuli":112,"minecraft:dirt":411,"minecraft:bone":23,"minecraft:bow":1,"minecraft:wheat_seeds":122,"aether:holystone":2,"minecraft:raw_gold":11,"minecraft:bell":1,"minecraft:grindstone":2,"minecraft:glowstone_dust":53,"minecraft:fletching_table":2,"minecraft:bamboo":1,"minecraft:oak_planks":2,"minecraft:sand":32,"minecraft:stripped_spruce_log":1,"minecraft:nether_brick_stairs":4,"minecraft:bundle":8,"minecraft:diamond":68,"minecraft:lever":6,"aether:ambrosium_shard":15,"minecraft:granite":30,"minecraft:bone_meal":3,"minecraft:spruce_button":2,"minecraft:emerald":1,"minecraft:bread":1,"minecraft:oak_sapling":29,"minecraft:netherrack":486,"minecraft:dark_oak_fence":2,"minecraft:crafting_table":8,"minecraft:cocoa_beans":4,"minecraft:mud":1,"minecraft:coarse_dirt":89,"minecraft:chicken":7,"minecraft:nether_wart":40,"aether:aether_dirt":1,"minecraft:gold_block":2,"minecraft:stripped_mangrove_log":1,"minecraft:oak_trapdoor":30,"minecraft:moss_carpet":5,"minecraft:beef":40,"minecraft:oak_boat":10,"minecraft:lectern":1,"minecraft:chest":3,"minecraft:sugar_cane":191,"minecraft:egg":4,"minecraft:raw_iron":40,"minecraft:sandstone":137,"minecraft:carrot":186,"minecraft:redstone":186,"minecraft:mangrove_trapdoor":12,"minecraft:stone_pressure_plate":1,"minecraft:tnt":9,"aether:skyroot_log":9,"minecraft:arrow":9,"minecraft:nether_bricks":22,"minecraft:deepslate_bricks":24,"minecraft:hay_block":63,"tombstone:essence_of_undeath":1,"minecraft:mutton":35,"minecraft:white_wool":20,"aether:skyroot_sapling":1,"minecraft:basalt":132,"minecraft:cut_sandstone":2,"minecraft:leather":17,"minecraft:red_mushroom":1,"minecraft:lily_pad":5,"minecraft:oak_log":85,"minecraft:gunpowder":7,"minecraft:cobblestone_wall":6,"tombstone:gift":7,"minecraft:orange_terracotta":1,"minecraft:smooth_sandstone":2,"minecraft:apple":2,"minecraft:iron_ingot":15,"minecraft:soul_sand":40,"minecraft:acacia_sapling":12,"minecraft:book":27,"minecraft:scaffolding":181,"minecraft:quartz":7,"minecraft:gravel":19,"minecraft:spruce_sapling":5,"minecraft:white_bed":2,"minecraft:spruce_log":132,"minecraft:spider_eye":1,"tombstone:magic_scroll":1,"minecraft:melon_seeds":2,"minecraft:mangrove_propagule":1,"minecraft:coal":71,"minecraft:hopper":1},"minecraft:custom":{"minecraft:animals_bred":10,"minecraft:interact_with_crafting_table":92,"minecraft:leave_game":23,"minecraft:time_since_death":116619,"minecraft:sprint_one_cm":1090206,"minecraft:damage_blocked_by_shield":120,"minecraft:drop":80,"minecraft:talked_to_villager":143,"minecraft:play_time":806156,"minecraft:deaths":11,"minecraft:jump":6634,"minecraft:walk_on_water_one_cm":100936,"minecraft:enchant_item":8,"minecraft:interact_with_furnace":49,"minecraft:traded_with_villager":28,"minecraft:sleep_in_bed":12,"minecraft:damage_dealt":21260,"minecraft:crouch_one_cm":857898,"tombstone:undead_killed":177,"tombstone:villager_killed":6,"minecraft:mob_kills":310,"minecraft:interact_with_anvil":4,"minecraft:inspect_hopper":4,"minecraft:climb_one_cm":46692,"minecraft:walk_one_cm":895068,"minecraft:sneak_time":135008,"minecraft:walk_under_water_one_cm":135916,"minecraft:boat_one_cm":642262,"minecraft:total_world_time":806156,"tombstone:raider_killed":3,"minecraft:interact_with_grindstone":8,"minecraft:time_since_rest":116352,"minecraft:damage_taken":6206,"minecraft:swim_one_cm":268772,"minecraft:fly_one_cm":2168311,"minecraft:open_chest":379,"minecraft:fall_one_cm":155645},"minecraft:broken":{"minecraft:diamond_pickaxe":2},"minecraft:killed":{"minecraft:zombified_piglin":1,"minecraft:spider":7,"minecraft:skeleton":55,"minecraft:chicken":8,"minecraft:magma_cube":4,"minecraft:piglin":6,"minecraft:zombie_villager":7,"minecraft:creeper":48,"minecraft:sheep":20,"minecraft:pillager":3,"minecraft:zombie":81,"minecraft:ghast":2,"minecraft:cow":13,"minecraft:blaze":10,"minecraft:drowned":3,"minecraft:husk":11,"minecraft:wither_skeleton":19,"minecraft:villager":6},"minecraft:dropped":{"aether:golden_gummy_swet":1,"minecraft:emerald":1,"minecraft:mutton":3,"minecraft:cut_sandstone":1,"minecraft:sand":2,"minecraft:iron_pickaxe":1,"minecraft:bone":4,"minecraft:sugar_cane":1,"tombstone:gift":7,"minecraft:rotten_flesh":8,"minecraft:oak_planks":1,"minecraft:carrot":18,"minecraft:gunpowder":2,"minecraft:jungle_log":1,"minecraft:acacia_sapling":9,"minecraft:basalt":39,"minecraft:arrow":2,"minecraft:bread":1,"minecraft:enchanted_book":2,"minecraft:wheat_seeds":4,"minecraft:feather":3,"minecraft:cobblestone":71,"minecraft:apple":3,"minecraft:stick":3,"origins:orb_of_origin":1,"minecraft:torch":4,"minecraft:melon_slice":54,"tombstone:grave_dust":5,"minecraft:wither_rose":1,"minecraft:string":4,"minecraft:lily_pad":2,"minecraft:moss_carpet":2,"minecraft:coarse_dirt":34,"minecraft:cocoa_beans":4,"aether:aether_grass_block":256,"minecraft:shears":1,"minecraft:bundle":6,"minecraft:diamond_pickaxe":1,"minecraft:oak_sapling":2,"minecraft:stone_pressure_plate":1,"minecraft:spider_eye":1,"tombstone:essence_of_undeath":1,"minecraft:sandstone":14},"minecraft:mined":{"minecraft:stone_pressure_plate":1,"minecraft:white_bed":2,"minecraft:oak_sapling":7,"minecraft:brewing_stand":1,"minecraft:obsidian":16,"minecraft:granite":30,"minecraft:acacia_log":24,"minecraft:grass_block":204,"minecraft:jungle_log":1,"minecraft:deepslate_bricks":24,"minecraft:composter":1,"minecraft:hopper":1,"minecraft:nether_wart":35,"minecraft:magma_block":8,"minecraft:glowstone":16,"aether:ambrosium_torch":1,"minecraft:iron_ore":30,"minecraft:cobbled_deepslate":5,"minecraft:fire":18,"minecraft:moss_carpet":1,"minecraft:fletching_table":2,"minecraft:deepslate_lapis_ore":12,"minecraft:nether_brick_stairs":4,"minecraft:dirt_path":3,"minecraft:oak_stairs":4,"minecraft:deepslate_redstone_ore":26,"minecraft:cut_sandstone":1,"aether:holystone":2,"minecraft:melon_stem":1,"minecraft:orange_terracotta":1,"minecraft:torch":7,"minecraft:melon":35,"minecraft:chest":3,"minecraft:dead_bush":2,"minecraft:nether_quartz_ore":7,"minecraft:cobblestone":827,"minecraft:grindstone":2,"minecraft:sugar_cane":94,"minecraft:oak_planks":1,"minecraft:wall_torch":1,"minecraft:seagrass":2,"minecraft:acacia_sapling":1,"minecraft:mud":1,"minecraft:wheat":44,"aether:aether_grass_block":1,"minecraft:tnt":9,"minecraft:grass":61,"minecraft:oak_log":85,"minecraft:sand":32,"minecraft:dirt":212,"minecraft:mangrove_log":67,"aether:ambrosium_ore":15,"minecraft:netherrack":501,"minecraft:oak_leaves":84,"minecraft:deepslate":374,"minecraft:deepslate_tiles":7,"minecraft:tuff":33,"minecraft:stripped_mangrove_log":1,"minecraft:deepslate_diamond_ore":68,"minecraft:mangrove_roots":6,"minecraft:nether_bricks":22,"minecraft:dark_oak_fence":2,"minecraft:mangrove_trapdoor":12,"minecraft:spruce_leaves":8,"minecraft:sandstone":137,"minecraft:hay_block":63,"minecraft:redstone_ore":15,"minecraft:oak_trapdoor":31,"minecraft:furnace":2,"minecraft:carrots":48,"minecraft:andesite":23,"minecraft:stripped_spruce_log":1,"minecraft:gold_block":2,"minecraft:bell":1,"aether:skyroot_log":9,"minecraft:polished_deepslate":11,"minecraft:bookshelf":9,"minecraft:deepslate_iron_ore":10,"minecraft:cobblestone_slab":37,"minecraft:vine":5,"minecraft:bamboo":1,"minecraft:stone":1965,"minecraft:acacia_leaves":4,"minecraft:scaffolding":8,"minecraft:soul_sand":40,"aether:ambrosium_wall_torch":2,"minecraft:basalt":96,"minecraft:smooth_sandstone":2,"minecraft:crafting_table":8,"minecraft:lectern":1,"minecraft:campfire":4,"minecraft:tall_grass":2,"minecraft:copper_ore":11,"minecraft:deepslate_gold_ore":5,"minecraft:lapis_ore":5,"minecraft:diorite":7,"aether:skyroot_leaves":2,"minecraft:cactus":1,"minecraft:coarse_dirt":92,"minecraft:cobblestone_wall":6,"minecraft:spruce_log":133,"minecraft:mangrove_leaves":18,"minecraft:coal_ore":44,"minecraft:cocoa":2,"minecraft:gravel":20,"minecraft:gold_ore":6,"minecraft:fern":10},"minecraft:killed_by":{"minecraft:blaze":1,"minecraft:enderman":2}},"DataVersion":3120}