{"stats":{"minecraft:crafted":{"minecraft:oak_planks":28,"minecraft:crafting_table":1,"minecraft:stick":8,"minecraft:wooden_pickaxe":1},"minecraft:used":{"minecraft:wooden_axe":22,"minecraft:shield":1,"minecraft:wooden_pickaxe":19,"minecraft:rotten_flesh":1,"minecraft:sand":12,"minecraft:dirt":1,"minecraft:mutton":1,"minecraft:beef":7,"minecraft:crafting_table":1,"tombstone:gift":2},"minecraft:mined":{"minecraft:crafting_table":1,"minecraft:grass":25,"minecraft:coal_ore":2,"minecraft:grass_block":3,"minecraft:oak_log":11,"minecraft:dirt":11,"minecraft:sand":12,"minecraft:stripped_oak_log":1,"minecraft:tall_grass":5,"minecraft:stone":4,"minecraft:sugar_cane":5,"minecraft:oak_leaves":2},"minecraft:dropped":{"minecraft:wooden_pickaxe":1},"minecraft:custom":{"minecraft:time_since_rest":1717,"minecraft:sprint_one_cm":23895,"minecraft:damage_taken":325,"minecraft:walk_one_cm":25233,"minecraft:damage_blocked_by_shield":40,"tombstone:sneak_grave":1,"minecraft:mob_kills":9,"minecraft:drop":1,"minecraft:damage_dealt":1429,"minecraft:swim_one_cm":5771,"minecraft:interact_with_crafting_table":2,"minecraft:fly_one_cm":56605,"minecraft:open_chest":1,"minecraft:crouch_one_cm":5737,"minecraft:play_time":16783,"tombstone:undead_killed":4,"minecraft:deaths":1,"minecraft:sneak_time":1870,"minecraft:walk_under_water_one_cm":2307,"minecraft:jump":264,"minecraft:leave_game":3,"minecraft:time_since_death":2257,"minecraft:walk_on_water_one_cm":3546,"minecraft:total_world_time":16783,"minecraft:fall_one_cm":24219},"minecraft:picked_up":{"minecraft:stripped_oak_log":1,"minecraft:crafting_table":1,"minecraft:leather":5,"minecraft:wooden_pickaxe":1,"minecraft:sand":12,"minecraft:oak_log":11,"minecraft:string":2,"minecraft:dirt":14,"minecraft:bone":2,"minecraft:rotten_flesh":1,"minecraft:bow":1,"minecraft:wheat_seeds":3,"minecraft:beef":7,"minecraft:sugar_cane":10,"minecraft:mutton":1,"minecraft:coal":2,"minecraft:white_wool":1,"minecraft:cobblestone":4},"minecraft:killed":{"minecraft:sheep":1,"minecraft:skeleton":1,"minecraft:zombie":3,"minecraft:spider":1,"minecraft:cow":3}},"DataVersion":3120}