{"stats":{"minecraft:used":{"minecraft:sand":12,"minecraft:beef":3},"minecraft:mined":{"minecraft:grass":1,"minecraft:sand":12,"minecraft:sugar_cane":2},"minecraft:custom":{"minecraft:time_since_rest":6330,"minecraft:open_chest":1,"minecraft:crouch_one_cm":2019,"minecraft:sprint_one_cm":9186,"minecraft:play_time":6330,"minecraft:damage_taken":215,"tombstone:undead_killed":1,"minecraft:walk_one_cm":12585,"minecraft:sneak_time":401,"minecraft:walk_under_water_one_cm":65,"minecraft:mob_kills":3,"minecraft:jump":115,"minecraft:damage_dealt":470,"minecraft:leave_game":2,"minecraft:walk_on_water_one_cm":1960,"minecraft:time_since_death":6330,"minecraft:total_world_time":6330,"minecraft:swim_one_cm":2806,"minecraft:fall_one_cm":10589,"minecraft:fly_one_cm":28532},"minecraft:picked_up":{"minecraft:leather":2,"minecraft:beef":3,"minecraft:sand":12,"minecraft:sugar_cane":6,"minecraft:mutton":1,"minecraft:white_wool":1},"minecraft:killed":{"minecraft:sheep":1,"minecraft:zombie":1,"minecraft:cow":1}},"DataVersion":3120}