{"stats":{"minecraft:used":{"minecraft:sand":12},"minecraft:custom":{"minecraft:jump":28,"minecraft:open_chest":1,"minecraft:time_since_rest":1336,"minecraft:crouch_one_cm":1940,"minecraft:leave_game":2,"minecraft:play_time":1336,"minecraft:sprint_one_cm":4422,"minecraft:time_since_death":1336,"minecraft:walk_one_cm":1683,"minecraft:sneak_time":380,"minecraft:total_world_time":1336,"minecraft:fall_one_cm":627,"minecraft:fly_one_cm":6046},"minecraft:mined":{"minecraft:sand":12},"minecraft:picked_up":{"minecraft:sand":12}},"DataVersion":3120}