{"stats":{"minecraft:used":{"minecraft:wooden_axe":16,"minecraft:melon_slice":11,"minecraft:stone_pickaxe":90,"minecraft:chest":1,"minecraft:wooden_pickaxe":6,"minecraft:torch":9,"minecraft:stone_axe":41,"minecraft:crafting_table":4,"minecraft:furnace":1,"minecraft:oak_boat":1,"minecraft:cooked_beef":3},"minecraft:custom":{"minecraft:time_since_rest":50594,"minecraft:interact_with_furnace":1,"minecraft:sprint_one_cm":60622,"minecraft:damage_taken":230,"minecraft:walk_one_cm":38926,"minecraft:mob_kills":10,"minecraft:damage_dealt":1041,"minecraft:swim_one_cm":36487,"minecraft:interact_with_crafting_table":7,"minecraft:fly_one_cm":193995,"minecraft:open_chest":7,"minecraft:crouch_one_cm":361,"minecraft:play_time":50594,"tombstone:undead_killed":1,"minecraft:sneak_time":359,"minecraft:walk_under_water_one_cm":11031,"minecraft:boat_one_cm":106463,"minecraft:jump":861,"minecraft:leave_game":1,"minecraft:walk_on_water_one_cm":9796,"minecraft:time_since_death":50594,"minecraft:climb_one_cm":11063,"minecraft:total_world_time":50594,"minecraft:fall_one_cm":72479},"minecraft:picked_up":{"minecraft:stick":6,"minecraft:crafting_table":2,"minecraft:chicken":1,"minecraft:andesite":2,"minecraft:leather":3,"minecraft:torch":1,"minecraft:porkchop":9,"minecraft:oak_log":12,"tombstone:grave_dust":1,"minecraft:diorite":6,"origins:orb_of_origin":1,"minecraft:dirt":5,"minecraft:rotten_flesh":1,"minecraft:wheat_seeds":2,"minecraft:granite":12,"minecraft:beef":5,"minecraft:oak_boat":1,"minecraft:bamboo":12,"minecraft:sugar_cane":8,"minecraft:melon_slice":51,"minecraft:coal":18,"minecraft:mangrove_propagule":1,"minecraft:cobblestone":57},"minecraft:crafted":{"minecraft:oak_boat":1,"minecraft:oak_planks":8,"minecraft:crafting_table":2,"minecraft:stick":6,"minecraft:wooden_pickaxe":1,"minecraft:wooden_axe":1,"minecraft:chest":1,"minecraft:furnace":1,"minecraft:stone_axe":1},"minecraft:mined":{"minecraft:tall_seagrass":3,"minecraft:andesite":2,"minecraft:mangrove_leaves":17,"minecraft:crafting_table":2,"minecraft:granite":12,"minecraft:grass":10,"minecraft:coal_ore":18,"minecraft:grass_block":2,"minecraft:oak_log":13,"minecraft:melon":9,"minecraft:dead_bush":3,"minecraft:dirt":6,"minecraft:sand":1,"minecraft:tall_grass":1,"minecraft:diorite":6,"minecraft:bamboo":1,"minecraft:wall_torch":1,"minecraft:stone":57,"minecraft:sugar_cane":4,"minecraft:oak_leaves":3,"minecraft:mangrove_propagule":1,"minecraft:fern":2},"minecraft:killed":{"minecraft:zombie":1,"minecraft:pig":4,"minecraft:chicken":1,"minecraft:cow":4}},"DataVersion":3120}