{"stats":{"minecraft:used":{"minecraft:stone_pickaxe":140,"minecraft:chest":1,"minecraft:wooden_pickaxe":6,"minecraft:cooked_chicken":1,"minecraft:torch":14,"minecraft:crafting_table":5,"minecraft:wooden_axe":16,"minecraft:melon_slice":11,"minecraft:stone_axe":55,"minecraft:furnace":1,"minecraft:cooked_porkchop":1,"minecraft:oak_boat":1,"minecraft:cooked_beef":5},"minecraft:custom":{"minecraft:interact_with_furnace":3,"minecraft:mob_kills":18,"minecraft:interact_with_crafting_table":9,"minecraft:leave_game":2,"minecraft:time_since_death":70853,"minecraft:climb_one_cm":13006,"minecraft:time_since_rest":70853,"minecraft:sprint_one_cm":107784,"minecraft:damage_taken":510,"minecraft:walk_one_cm":60503,"minecraft:drop":1,"minecraft:damage_dealt":1681,"minecraft:swim_one_cm":57357,"minecraft:fly_one_cm":296989,"minecraft:open_chest":9,"minecraft:crouch_one_cm":407,"minecraft:play_time":70853,"tombstone:undead_killed":1,"minecraft:sneak_time":662,"minecraft:walk_under_water_one_cm":13108,"minecraft:boat_one_cm":106463,"minecraft:jump":1402,"minecraft:walk_on_water_one_cm":14053,"minecraft:total_world_time":70853,"minecraft:fall_one_cm":82911},"minecraft:broken":{"minecraft:stone_pickaxe":1},"minecraft:dropped":{"minecraft:wheat_seeds":2},"minecraft:picked_up":{"minecraft:wooden_axe":1,"minecraft:crafting_table":3,"minecraft:wheat":8,"minecraft:chicken":1,"minecraft:andesite":32,"minecraft:leather":6,"minecraft:wooden_pickaxe":1,"minecraft:flint":3,"minecraft:oak_log":12,"minecraft:dirt":10,"minecraft:wheat_seeds":4,"minecraft:beef":10,"minecraft:oak_boat":1,"minecraft:light_gray_wool":1,"minecraft:chest":1,"minecraft:bamboo":12,"minecraft:melon_slice":91,"minecraft:sugar_cane":16,"minecraft:furnace":1,"minecraft:stick":6,"minecraft:raw_iron":2,"minecraft:torch":4,"minecraft:fire_charge":1,"minecraft:porkchop":9,"tombstone:grave_dust":2,"minecraft:diorite":12,"minecraft:lily_of_the_valley":1,"origins:orb_of_origin":1,"minecraft:rotten_flesh":2,"minecraft:golden_hoe":1,"minecraft:granite":24,"minecraft:mutton":10,"minecraft:mangrove_propagule":2,"minecraft:coal":23,"minecraft:white_wool":7,"minecraft:cobblestone":150},"minecraft:crafted":{"minecraft:oak_planks":12,"minecraft:cooked_porkchop":0,"minecraft:crafting_table":2,"minecraft:wooden_pickaxe":1,"minecraft:cooked_chicken":1,"minecraft:furnace":1,"minecraft:stone_axe":1,"minecraft:air":0,"minecraft:oak_boat":1,"minecraft:stick":6,"minecraft:stone_pickaxe":1,"minecraft:wooden_axe":1,"minecraft:chest":1,"minecraft:torch":8},"minecraft:mined":{"minecraft:lily_of_the_valley":1,"minecraft:crafting_table":3,"minecraft:torch":2,"minecraft:granite":12,"minecraft:grass_block":2,"minecraft:melon":9,"minecraft:chest":1,"minecraft:dead_bush":3,"minecraft:tall_grass":1,"minecraft:sugar_cane":4,"minecraft:diorite":6,"minecraft:mangrove_propagule":1,"minecraft:wall_torch":2,"minecraft:tall_seagrass":4,"minecraft:furnace":1,"minecraft:iron_ore":2,"minecraft:andesite":16,"minecraft:mangrove_leaves":17,"minecraft:grass":11,"minecraft:oak_log":13,"minecraft:coal_ore":22,"minecraft:sand":1,"minecraft:dirt":6,"minecraft:bamboo":1,"minecraft:stone":86,"minecraft:oak_leaves":3,"minecraft:fern":2},"minecraft:killed":{"minecraft:pig":4,"minecraft:sheep":8,"minecraft:zombie":1,"minecraft:chicken":1,"minecraft:cow":4}},"DataVersion":3120}