{"stats":{"minecraft:used":{"minecraft:stone_pickaxe":168,"minecraft:chest":1,"minecraft:wooden_pickaxe":6,"minecraft:cooked_chicken":1,"minecraft:torch":23,"minecraft:crafting_table":5,"minecraft:wooden_axe":16,"minecraft:melon_slice":11,"minecraft:stone_axe":71,"minecraft:furnace":1,"minecraft:cooked_porkchop":7,"minecraft:oak_boat":1,"minecraft:cooked_beef":5},"minecraft:crafted":{"minecraft:oak_planks":12,"minecraft:cooked_porkchop":0,"minecraft:crafting_table":2,"minecraft:wooden_pickaxe":1,"minecraft:cooked_chicken":1,"minecraft:furnace":1,"minecraft:stone_axe":1,"minecraft:air":0,"minecraft:oak_boat":1,"minecraft:stick":6,"minecraft:stone_pickaxe":1,"minecraft:wooden_axe":1,"minecraft:chest":1,"minecraft:torch":20},"minecraft:picked_up":{"minecraft:wooden_axe":1,"minecraft:crafting_table":3,"minecraft:wheat":8,"minecraft:chicken":1,"minecraft:andesite":32,"minecraft:leather":6,"minecraft:wooden_pickaxe":1,"minecraft:flint":3,"minecraft:oak_log":12,"minecraft:dirt":38,"minecraft:wheat_seeds":4,"minecraft:beef":10,"minecraft:oak_boat":1,"minecraft:chest":1,"minecraft:light_gray_wool":1,"minecraft:bamboo":35,"minecraft:sugar_cane":16,"minecraft:melon_slice":91,"minecraft:furnace":1,"minecraft:stick":7,"minecraft:raw_iron":7,"minecraft:torch":6,"minecraft:fire_charge":1,"minecraft:porkchop":15,"tombstone:grave_dust":3,"minecraft:diorite":12,"minecraft:lily_of_the_valley":1,"origins:orb_of_origin":1,"minecraft:arrow":2,"minecraft:rotten_flesh":2,"minecraft:golden_hoe":1,"minecraft:granite":24,"minecraft:mutton":10,"minecraft:mangrove_propagule":2,"minecraft:coal":46,"minecraft:white_wool":7,"minecraft:cobblestone":154},"minecraft:custom":{"minecraft:interact_with_furnace":3,"minecraft:mob_kills":22,"minecraft:interact_with_crafting_table":9,"minecraft:leave_game":3,"minecraft:time_since_death":5505,"minecraft:climb_one_cm":18797,"minecraft:time_since_rest":3106,"minecraft:sprint_one_cm":179336,"minecraft:damage_taken":1080,"minecraft:walk_one_cm":90181,"minecraft:drop":12,"minecraft:damage_dealt":2360,"minecraft:swim_one_cm":116655,"minecraft:fly_one_cm":393336,"minecraft:open_chest":9,"minecraft:crouch_one_cm":780,"minecraft:play_time":92351,"tombstone:undead_killed":2,"minecraft:deaths":1,"minecraft:sneak_time":1096,"minecraft:walk_under_water_one_cm":18224,"minecraft:boat_one_cm":106463,"minecraft:jump":1978,"minecraft:walk_on_water_one_cm":23741,"minecraft:total_world_time":92351,"minecraft:fall_one_cm":95615},"minecraft:broken":{"minecraft:stone_pickaxe":1},"minecraft:killed":{"minecraft:pig":7,"minecraft:skeleton":1,"minecraft:sheep":8,"minecraft:zombie":1,"minecraft:chicken":1,"minecraft:cow":4},"minecraft:mined":{"minecraft:lily_of_the_valley":1,"minecraft:crafting_table":3,"minecraft:torch":4,"minecraft:granite":12,"minecraft:grass_block":2,"minecraft:melon":9,"minecraft:chest":1,"minecraft:dead_bush":3,"minecraft:tall_grass":1,"minecraft:sugar_cane":4,"minecraft:diorite":6,"minecraft:mangrove_propagule":1,"minecraft:wall_torch":2,"minecraft:tall_seagrass":5,"minecraft:furnace":1,"minecraft:iron_ore":7,"minecraft:birch_leaves":3,"minecraft:andesite":16,"minecraft:mangrove_leaves":17,"minecraft:grass":14,"minecraft:oak_log":13,"minecraft:coal_ore":44,"minecraft:dirt":6,"minecraft:sand":1,"minecraft:bamboo":3,"minecraft:stone":87,"minecraft:oak_leaves":4,"minecraft:fern":2},"minecraft:dropped":{"minecraft:wheat_seeds":2,"minecraft:wheat":8,"minecraft:mangrove_propagule":1,"minecraft:cobblestone":5,"minecraft:rotten_flesh":1,"minecraft:light_gray_wool":1,"minecraft:granite":12,"minecraft:lily_of_the_valley":1,"minecraft:dirt":5,"minecraft:diorite":6,"minecraft:melon_slice":40,"minecraft:andesite":16},"minecraft:killed_by":{"minecraft:creeper":1}},"DataVersion":3120}