{"stats":{"minecraft:used":{"minecraft:wooden_axe":16,"minecraft:crafting_table":1,"minecraft:melon_slice":4},"minecraft:custom":{"minecraft:open_chest":1,"minecraft:time_since_rest":22043,"minecraft:crouch_one_cm":341,"minecraft:play_time":22043,"minecraft:sprint_one_cm":15985,"minecraft:damage_taken":70,"minecraft:walk_one_cm":11318,"minecraft:sneak_time":212,"minecraft:walk_under_water_one_cm":2067,"minecraft:jump":300,"minecraft:leave_game":1,"minecraft:time_since_death":22043,"minecraft:walk_on_water_one_cm":4901,"minecraft:total_world_time":22043,"minecraft:climb_one_cm":3982,"minecraft:swim_one_cm":12363,"minecraft:interact_with_crafting_table":1,"minecraft:fall_one_cm":41188,"minecraft:fly_one_cm":75321},"minecraft:picked_up":{"minecraft:crafting_table":1,"minecraft:stick":1,"minecraft:oak_log":8,"minecraft:mangrove_propagule":1,"minecraft:bamboo":12,"minecraft:melon_slice":51},"minecraft:crafted":{"minecraft:oak_planks":8,"minecraft:crafting_table":1,"minecraft:stick":6,"minecraft:wooden_axe":1},"minecraft:mined":{"minecraft:grass":4,"minecraft:grass_block":1,"minecraft:oak_log":8,"minecraft:melon":9,"minecraft:dirt":2,"minecraft:bamboo":1,"minecraft:mangrove_propagule":1,"minecraft:fern":2,"minecraft:oak_leaves":2,"minecraft:crafting_table":1}},"DataVersion":3120}