{"stats":{"minecraft:used":{"minecraft:wooden_axe":16,"minecraft:crafting_table":1,"minecraft:melon_slice":9},"minecraft:custom":{"minecraft:open_chest":1,"minecraft:time_since_rest":26594,"minecraft:crouch_one_cm":341,"minecraft:play_time":26594,"minecraft:sprint_one_cm":19861,"minecraft:damage_taken":70,"minecraft:walk_one_cm":14983,"minecraft:sneak_time":212,"minecraft:walk_under_water_one_cm":2163,"minecraft:jump":394,"minecraft:leave_game":1,"minecraft:time_since_death":26594,"minecraft:walk_on_water_one_cm":5792,"minecraft:swim_one_cm":12763,"minecraft:total_world_time":26594,"minecraft:climb_one_cm":7630,"minecraft:interact_with_crafting_table":1,"minecraft:fly_one_cm":85652,"minecraft:fall_one_cm":46355},"minecraft:picked_up":{"minecraft:stick":2,"minecraft:crafting_table":1,"minecraft:oak_log":8,"minecraft:bamboo":12,"minecraft:melon_slice":51,"minecraft:mangrove_propagule":1},"minecraft:crafted":{"minecraft:oak_planks":8,"minecraft:crafting_table":1,"minecraft:stick":6,"minecraft:wooden_axe":1},"minecraft:mined":{"minecraft:grass":4,"minecraft:grass_block":1,"minecraft:oak_log":8,"minecraft:melon":9,"minecraft:dirt":2,"minecraft:bamboo":1,"minecraft:mangrove_leaves":14,"minecraft:mangrove_propagule":1,"minecraft:oak_leaves":2,"minecraft:crafting_table":1,"minecraft:fern":2}},"DataVersion":3120}