{"stats":{"minecraft:used":{"minecraft:wooden_axe":16,"minecraft:melon_slice":11,"minecraft:wooden_pickaxe":6,"minecraft:crafting_table":3,"minecraft:oak_boat":1,"minecraft:cooked_beef":1},"minecraft:custom":{"minecraft:time_since_rest":38594,"minecraft:sprint_one_cm":34884,"minecraft:damage_taken":160,"minecraft:walk_one_cm":19617,"minecraft:swim_one_cm":36487,"minecraft:interact_with_crafting_table":4,"minecraft:fly_one_cm":143058,"minecraft:open_chest":6,"minecraft:crouch_one_cm":341,"minecraft:play_time":38594,"minecraft:sneak_time":286,"minecraft:walk_under_water_one_cm":11031,"minecraft:boat_one_cm":106463,"minecraft:jump":597,"minecraft:leave_game":1,"minecraft:walk_on_water_one_cm":9796,"minecraft:time_since_death":38594,"minecraft:climb_one_cm":10074,"minecraft:total_world_time":38594,"minecraft:fall_one_cm":65891},"minecraft:picked_up":{"minecraft:stick":2,"minecraft:crafting_table":1,"minecraft:oak_log":8,"origins:orb_of_origin":1,"minecraft:oak_boat":1,"minecraft:bamboo":12,"minecraft:melon_slice":51,"minecraft:mangrove_propagule":1,"minecraft:cobblestone":6},"minecraft:crafted":{"minecraft:oak_boat":1,"minecraft:oak_planks":8,"minecraft:crafting_table":2,"minecraft:stick":6,"minecraft:wooden_pickaxe":1,"minecraft:wooden_axe":1},"minecraft:mined":{"minecraft:tall_seagrass":3,"minecraft:mangrove_leaves":17,"minecraft:crafting_table":1,"minecraft:grass":4,"minecraft:grass_block":1,"minecraft:oak_log":8,"minecraft:melon":9,"minecraft:dirt":2,"minecraft:sand":1,"minecraft:bamboo":1,"minecraft:stone":6,"minecraft:oak_leaves":2,"minecraft:mangrove_propagule":1,"minecraft:fern":2}},"DataVersion":3120}