{"stats":{"minecraft:custom":{"minecraft:jump":14,"minecraft:time_since_rest":5576,"minecraft:crouch_one_cm":56,"minecraft:sprint_one_cm":4123,"minecraft:play_time":5576,"minecraft:walk_on_water_one_cm":326,"minecraft:time_since_death":5576,"minecraft:walk_one_cm":242,"minecraft:sneak_time":21,"minecraft:total_world_time":5576,"minecraft:walk_under_water_one_cm":347,"minecraft:swim_one_cm":9686,"minecraft:fall_one_cm":209,"minecraft:fly_one_cm":4708},"minecraft:picked_up":{"minecraft:kelp":10},"minecraft:mined":{"minecraft:grass":3,"minecraft:tall_seagrass":1,"minecraft:kelp_plant":1}},"DataVersion":3120}