{"stats":{"minecraft:dropped":{"minecraft:kelp":1,"minecraft:wheat_seeds":1},"minecraft:used":{"minecraft:stone_sword":25,"minecraft:stone_pickaxe":15,"minecraft:stone_axe":1,"minecraft:cobblestone":10,"minecraft:beef":5,"minecraft:crafting_table":2,"minecraft:porkchop":3,"tombstone:gift":1},"minecraft:custom":{"minecraft:time_since_rest":6453,"minecraft:sprint_one_cm":62627,"minecraft:damage_taken":308,"minecraft:walk_one_cm":14211,"minecraft:mob_kills":16,"minecraft:drop":2,"minecraft:damage_dealt":1560,"minecraft:swim_one_cm":14574,"minecraft:interact_with_crafting_table":4,"minecraft:fly_one_cm":102262,"minecraft:crouch_one_cm":324,"tombstone:undead_killed":1,"minecraft:play_time":17576,"minecraft:deaths":1,"minecraft:sneak_time":170,"minecraft:walk_under_water_one_cm":561,"minecraft:jump":475,"minecraft:walk_on_water_one_cm":2748,"minecraft:time_since_death":7405,"minecraft:total_world_time":17576,"minecraft:climb_one_cm":748,"minecraft:fall_one_cm":9556},"minecraft:killed_by":{"minecraft:creeper":1},"minecraft:picked_up":{"minecraft:stick":4,"minecraft:crafting_table":2,"minecraft:leather":6,"minecraft:porkchop":11,"minecraft:oak_log":4,"minecraft:dirt":1,"minecraft:kelp":11,"minecraft:wheat_seeds":4,"minecraft:beef":7,"minecraft:rose_bush":4,"minecraft:bamboo":5,"minecraft:mutton":8,"minecraft:coal":14,"minecraft:white_wool":5,"minecraft:cobblestone":37},"minecraft:crafted":{"minecraft:oak_planks":16,"minecraft:stone_shovel":1,"minecraft:crafting_table":1,"minecraft:stick":24,"minecraft:stone_pickaxe":1,"minecraft:stone_sword":1,"minecraft:furnace":1,"minecraft:stone_hoe":2,"minecraft:stone_axe":1},"minecraft:killed":{"minecraft:sheep":5,"minecraft:zombie":1,"minecraft:pig":6,"minecraft:cow":4},"minecraft:mined":{"minecraft:tall_seagrass":1,"minecraft:kelp_plant":1,"minecraft:crafting_table":1,"minecraft:grass":25,"minecraft:coal_ore":14,"minecraft:oak_log":4,"minecraft:rose_bush":4,"minecraft:tall_grass":5,"minecraft:bamboo":1,"minecraft:stone":30,"minecraft:oak_leaves":5,"minecraft:fern":4}},"DataVersion":3120}