{"stats":{"minecraft:dropped":{"minecraft:kelp":1,"minecraft:wheat_seeds":9,"minecraft:crafting_table":1,"minecraft:acacia_log":1,"minecraft:dirt":1,"minecraft:melon_seeds":3,"minecraft:acacia_planks":4},"minecraft:used":{"minecraft:stone_sword":70,"minecraft:acacia_log":1,"minecraft:stone_shovel":81,"minecraft:stone_pickaxe":21,"minecraft:chest":2,"minecraft:bell":1,"minecraft:stone_hoe":23,"minecraft:orange_bed":7,"minecraft:torch":2,"minecraft:dirt":18,"minecraft:crafting_table":4,"minecraft:red_bed":2,"minecraft:bread":10,"minecraft:stone_axe":38,"minecraft:cobblestone":10,"minecraft:beef":5,"minecraft:furnace":1,"minecraft:porkchop":3,"tombstone:gift":1},"minecraft:custom":{"minecraft:interact_with_furnace":4,"minecraft:mob_kills":23,"minecraft:interact_with_crafting_table":8,"minecraft:bell_ring":32,"minecraft:leave_game":1,"minecraft:time_since_death":21598,"minecraft:sleep_in_bed":1,"minecraft:climb_one_cm":748,"minecraft:time_since_rest":11617,"minecraft:sprint_one_cm":132689,"minecraft:damage_taken":575,"minecraft:walk_one_cm":55976,"minecraft:drop":17,"minecraft:damage_dealt":2761,"minecraft:swim_one_cm":14574,"minecraft:fly_one_cm":157611,"minecraft:open_chest":15,"minecraft:crouch_one_cm":1333,"minecraft:play_time":31769,"tombstone:undead_killed":3,"minecraft:deaths":1,"minecraft:sneak_time":434,"minecraft:walk_under_water_one_cm":561,"tombstone:villager_killed":1,"minecraft:jump":770,"minecraft:walk_on_water_one_cm":3643,"minecraft:total_world_time":31769,"minecraft:fall_one_cm":18092},"minecraft:killed_by":{"minecraft:creeper":1},"minecraft:picked_up":{"minecraft:crafting_table":4,"minecraft:leather":6,"minecraft:oak_log":8,"minecraft:brewing_stand":1,"minecraft:dirt":84,"minecraft:string":2,"minecraft:red_bed":3,"minecraft:bone":3,"minecraft:acacia_planks":12,"minecraft:kelp":11,"minecraft:wheat_seeds":14,"minecraft:cartography_table":1,"minecraft:bell":1,"minecraft:beef":7,"minecraft:grindstone":1,"minecraft:rose_bush":4,"minecraft:bamboo":5,"minecraft:melon_slice":49,"minecraft:stick":4,"minecraft:acacia_log":10,"minecraft:porkchop":11,"minecraft:barrel":3,"minecraft:spider_eye":2,"minecraft:orange_bed":8,"minecraft:arrow":2,"minecraft:hay_block":20,"minecraft:melon_seeds":6,"minecraft:mutton":10,"minecraft:coal":14,"minecraft:white_wool":7,"minecraft:cobblestone":37},"minecraft:killed":{"minecraft:pig":6,"minecraft:spider":2,"minecraft:sheep":7,"minecraft:skeleton":2,"minecraft:zombie":1,"minecraft:villager":1,"minecraft:cow":4},"minecraft:crafted":{"minecraft:oak_planks":16,"minecraft:stone_shovel":1,"minecraft:cooked_porkchop":8,"minecraft:crafting_table":1,"minecraft:furnace":1,"minecraft:stone_axe":1,"minecraft:air":0,"minecraft:stick":24,"minecraft:stone_pickaxe":1,"minecraft:stone_sword":1,"minecraft:acacia_planks":28,"minecraft:stone_hoe":2},"minecraft:mined":{"minecraft:farmland":2,"minecraft:red_bed":3,"minecraft:melon_stem":2,"minecraft:kelp_plant":1,"minecraft:brewing_stand":1,"minecraft:crafting_table":2,"minecraft:acacia_log":9,"minecraft:grass_block":3,"minecraft:melon":10,"minecraft:rose_bush":4,"minecraft:tall_grass":6,"minecraft:grindstone":1,"minecraft:cartography_table":1,"minecraft:hay_block":20,"minecraft:tall_seagrass":1,"minecraft:wheat":2,"minecraft:barrel":3,"minecraft:bell":1,"minecraft:grass":37,"minecraft:oak_log":8,"minecraft:coal_ore":14,"minecraft:dirt":79,"minecraft:bamboo":1,"minecraft:stone":30,"minecraft:orange_bed":8,"minecraft:oak_leaves":11,"minecraft:fern":4}},"DataVersion":3120}