{
  "minecraft:recipes/building_blocks/acacia_planks": {
    "criteria": {
      "has_log": "2024-06-24 19:16:54 +0000"
    },
    "done": true
  },
  "tombstone:adventure/root": {
    "criteria": {
      "auto": "2024-06-24 19:16:43 +0000"
    },
    "done": true
  },
  "cfm:recipes/cfm/stripped_acacia_park_bench": {
    "criteria": {
      "has_log": "2024-06-24 19:16:54 +0000"
    },
    "done": true
  },
  "cfm:recipes/cfm/acacia_kitchen_counter": {
    "criteria": {
      "has_log": "2024-06-24 19:16:54 +0000"
    },
    "done": true
  },
  "cfm:recipes/cfm/acacia_kitchen_drawer": {
    "criteria": {
      "has_log": "2024-06-24 19:16:54 +0000"
    },
    "done": true
  },
  "cfm:recipes/cfm/acacia_desk_cabinet": {
    "criteria": {
      "has_log": "2024-06-24 19:16:54 +0000"
    },
    "done": true
  },
  "cfm:recipes/cfm/acacia_bedside_cabinet": {
    "criteria": {
      "has_log": "2024-06-24 19:16:54 +0000"
    },
    "done": true
  },
  "cfm:recipes/cfm/stripped_acacia_desk": {
    "criteria": {
      "has_planks": "2024-06-24 19:16:54 +0000"
    },
    "done": true
  },
  "cfm:recipes/cfm/stripped_acacia_crate": {
    "criteria": {
      "has_planks": "2024-06-24 19:16:54 +0000"
    },
    "done": true
  },
  "cfm:recipes/cfm/stripped_acacia_chair": {
    "criteria": {
      "has_planks": "2024-06-24 19:16:54 +0000"
    },
    "done": true
  },
  "cfm:recipes/cfm/stripped_acacia_cabinet": {
    "criteria": {
      "has_log": "2024-06-24 19:16:54 +0000"
    },
    "done": true
  },
  "minecraft:adventure/adventuring_time": {
    "criteria": {
      "minecraft:beach": "2024-06-24 19:16:43 +0000",
      "minecraft:savanna": "2024-06-24 19:16:54 +0000"
    },
    "done": false
  },
  "cfm:recipes/cfm/acacia_coffee_table": {
    "criteria": {
      "has_log": "2024-06-24 19:16:54 +0000"
    },
    "done": true
  },
  "minecraft:recipes/misc/charcoal": {
    "criteria": {
      "has_log": "2024-06-24 19:16:54 +0000"
    },
    "done": true
  },
  "cfm:recipes/cfm/stripped_acacia_kitchen_drawer": {
    "criteria": {
      "has_log": "2024-06-24 19:16:54 +0000"
    },
    "done": true
  },
  "cfm:recipes/cfm/stripped_acacia_desk_cabinet": {
    "criteria": {
      "has_planks": "2024-06-24 19:16:54 +0000"
    },
    "done": true
  },
  "cfm:recipes/cfm/stripped_acacia_table": {
    "criteria": {
      "has_planks": "2024-06-24 19:16:54 +0000"
    },
    "done": true
  },
  "cfm:recipes/cfm/stripped_acacia_bedside_cabinet": {
    "criteria": {
      "has_planks": "2024-06-24 19:16:54 +0000"
    },
    "done": true
  },
  "cfm:recipes/cfm/acacia_desk": {
    "criteria": {
      "has_log": "2024-06-24 19:16:54 +0000"
    },
    "done": true
  },
  "cfm:recipes/cfm/acacia_upgraded_gate": {
    "criteria": {
      "has_log": "2024-06-24 19:16:54 +0000"
    },
    "done": true
  },
  "cfm:recipes/cfm/acacia_blinds": {
    "criteria": {
      "has_log": "2024-06-24 19:16:54 +0000"
    },
    "done": true
  },
  "cfm:recipes/cfm/acacia_upgraded_fence": {
    "criteria": {
      "has_log": "2024-06-24 19:16:54 +0000"
    },
    "done": true
  },
  "minecraft:recipes/building_blocks/acacia_wood": {
    "criteria": {
      "has_log": "2024-06-24 19:16:54 +0000"
    },
    "done": true
  },
  "cfm:recipes/cfm/acacia_table": {
    "criteria": {
      "has_log": "2024-06-24 19:16:54 +0000"
    },
    "done": true
  },
  "cfm:recipes/cfm/acacia_park_bench": {
    "criteria": {
      "has_log": "2024-06-24 19:16:54 +0000"
    },
    "done": true
  },
  "cfm:recipes/cfm/acacia_cabinet": {
    "criteria": {
      "has_log": "2024-06-24 19:16:54 +0000"
    },
    "done": true
  },
  "cfm:recipes/cfm/stripped_acacia_coffee_table": {
    "criteria": {
      "has_planks": "2024-06-24 19:16:54 +0000"
    },
    "done": true
  },
  "cfm:recipes/cfm/stripped_acacia_kitchen_counter": {
    "criteria": {
      "has_log": "2024-06-24 19:16:54 +0000"
    },
    "done": true
  },
  "cfm:recipes/cfm/acacia_crate": {
    "criteria": {
      "has_log": "2024-06-24 19:16:54 +0000"
    },
    "done": true
  },
  "cfm:recipes/cfm/acacia_chair": {
    "criteria": {
      "has_log": "2024-06-24 19:16:54 +0000"
    },
    "done": true
  },
  "DataVersion": 3120
}